-- phpMyAdmin SQL Dump
-- version 5.0.4
-- https://www.phpmyadmin.net/
--
-- Host: 127.0.0.1
-- Waktu pembuatan: 14 Bulan Mei 2021 pada 08.40
-- Versi server: 10.4.17-MariaDB
-- Versi PHP: 8.0.1

SET SQL_MODE = "NO_AUTO_VALUE_ON_ZERO";
START TRANSACTION;
SET time_zone = "+00:00";


/*!40101 SET @OLD_CHARACTER_SET_CLIENT=@@CHARACTER_SET_CLIENT */;
/*!40101 SET @OLD_CHARACTER_SET_RESULTS=@@CHARACTER_SET_RESULTS */;
/*!40101 SET @OLD_COLLATION_CONNECTION=@@COLLATION_CONNECTION */;
/*!40101 SET NAMES utf8mb4 */;

--
-- Database: `zwallet`
--

-- --------------------------------------------------------

--
-- Struktur dari tabel `access_token`
--

CREATE TABLE `access_token` (
  `id` int(11) NOT NULL,
  `idUser` int(11) NOT NULL,
  `accessToken` text NOT NULL,
  `ipAddress` varchar(255) NOT NULL,
  `createdAt` timestamp NOT NULL DEFAULT current_timestamp(),
  `updatedAt` timestamp NOT NULL DEFAULT current_timestamp() ON UPDATE current_timestamp()
) ENGINE=InnoDB DEFAULT CHARSET=utf8mb4;

--
-- Dumping data untuk tabel `access_token`
--

INSERT INTO `access_token` (`id`, `idUser`, `accessToken`, `ipAddress`, `createdAt`, `updatedAt`) VALUES
(1, 1, 'eyJhbGciOiJIUzI1NiIsInR5cCI6IkpXVCJ9.eyJpZCI6MSwidXNlcm5hbWUiOiJjaGFlcnVsbWFyd2FuMjAiLCJlbWFpbCI6ImNoYWVydWxtYXJ3YW4yMEBnbWFpbC5jb20iLCJmaXJzdE5hbWUiOiJDaGFlcnVsIiwibGFzdE5hbWUiOiJNYXJ3YW4iLCJmdWxsTmFtZSI6IkNoYWVydWwgTWFyd2FuIiwicGhvbmVOdW1iZXIiOiIwODEyMjQ2ODU1MDIiLCJyb2xlIjoyLCJpYXQiOjE2MTgzMjI3NjMsImV4cCI6MTYxODQwOTE2M30.De4k0xK1l786UqUqK52sidNRMUctUCiJomDAZpE3sIE', '192.168.43.107', '2021-04-13 14:06:03', '2021-04-13 14:06:03'),
(2, 1, 'eyJhbGciOiJIUzI1NiIsInR5cCI6IkpXVCJ9.eyJpZCI6MSwidXNlcm5hbWUiOiJjaGFlcnVsbWFyd2FuMjAiLCJlbWFpbCI6ImNoYWVydWxtYXJ3YW4yMEBnbWFpbC5jb20iLCJmaXJzdE5hbWUiOiJDaGFlcnVsIiwibGFzdE5hbWUiOiJNYXJ3YW4iLCJmdWxsTmFtZSI6IkNoYWVydWwgTWFyd2FuIiwicGhvbmVOdW1iZXIiOiIwODEyMjQ2ODU1MDIiLCJpYXQiOjE2MTgzMjI3ODQsImV4cCI6MTYxODQwOTE4NH0.qhZyl1DAxiVa53EZnSJun_MLAHgIEu2U9Ob-ounqJTs', '192.168.43.107', '2021-04-13 14:06:24', '2021-04-13 14:06:24'),
(3, 1, 'eyJhbGciOiJIUzI1NiIsInR5cCI6IkpXVCJ9.eyJpZCI6MSwidXNlcm5hbWUiOiJjaGFlcnVsbWFyd2FuMjAiLCJlbWFpbCI6ImNoYWVydWxtYXJ3YW4yMEBnbWFpbC5jb20iLCJmaXJzdE5hbWUiOiJDaGFlcnVsIiwibGFzdE5hbWUiOiJNYXJ3YW4iLCJmdWxsTmFtZSI6IkNoYWVydWwgTWFyd2FuIiwicGhvbmVOdW1iZXIiOiIwODEyMjQ2ODU1MDIiLCJpYXQiOjE2MTgzMjM1MDksImV4cCI6MTYxODQwOTkwOX0.jof8nzf7XMcPFWh8QPxTZI_lkl8An74i8N7va3MHQdI', '192.168.43.107', '2021-04-13 14:18:29', '2021-04-13 14:18:29'),
(4, 1, 'eyJhbGciOiJIUzI1NiIsInR5cCI6IkpXVCJ9.eyJpZCI6MSwidXNlcm5hbWUiOiJjaGFlcnVsbWFyd2FuMjAiLCJlbWFpbCI6ImNoYWVydWxtYXJ3YW4yMEBnbWFpbC5jb20iLCJmaXJzdE5hbWUiOiJDaGFlcnVsIiwibGFzdE5hbWUiOiJNYXJ3YW4iLCJmdWxsTmFtZSI6IkNoYWVydWwgTWFyd2FuIiwicGhvbmVOdW1iZXIiOiIwODEyMjQ2ODU1MDIiLCJpYXQiOjE2MTgzMjcyNzIsImV4cCI6MTYxODQxMzY3Mn0.D8V5NonZOQp2qspL1pz1Ei2EmzBnNL0OALIzt9Np_5o', '192.168.43.107', '2021-04-13 15:21:12', '2021-04-13 15:21:12'),
(5, 1, 'eyJhbGciOiJIUzI1NiIsInR5cCI6IkpXVCJ9.eyJpZCI6MSwidXNlcm5hbWUiOiJjaGFlcnVsbWFyd2FuMjAiLCJlbWFpbCI6ImNoYWVydWxtYXJ3YW4yMEBnbWFpbC5jb20iLCJmaXJzdE5hbWUiOiJDaGFlcnVsIiwibGFzdE5hbWUiOiJNYXJ3YW4iLCJmdWxsTmFtZSI6IkNoYWVydWwgTWFyd2FuIiwicGhvbmVOdW1iZXIiOiIwODEyMjQ2ODU1MDIiLCJpYXQiOjE2MTgzMjc1ODgsImV4cCI6MTYxODQxMzk4OH0.72JATsy55nJDA1v5dQhQD72NQdF4q_u8NqS-1p9J020', '192.168.43.107', '2021-04-13 15:26:28', '2021-04-13 15:26:28'),
(6, 1, 'eyJhbGciOiJIUzI1NiIsInR5cCI6IkpXVCJ9.eyJpZCI6MSwidXNlcm5hbWUiOiJjaGFlcnVsbWFyd2FuMjAiLCJlbWFpbCI6ImNoYWVydWxtYXJ3YW4yMEBnbWFpbC5jb20iLCJmaXJzdE5hbWUiOiJDaGFlcnVsIiwibGFzdE5hbWUiOiJNYXJ3YW4iLCJmdWxsTmFtZSI6IkNoYWVydWwgTWFyd2FuIiwicGhvbmVOdW1iZXIiOiIwODEyMjQ2ODU1MDIiLCJpYXQiOjE2MTgzMjc2MjIsImV4cCI6MTYxODQxNDAyMn0.RdNseuf3-fH8q173B9DoRUcTmf0C9G5PdsAoWn69xQQ', '192.168.43.107', '2021-04-13 15:27:02', '2021-04-13 15:27:02'),
(7, 1, 'eyJhbGciOiJIUzI1NiIsInR5cCI6IkpXVCJ9.eyJpZCI6MSwidXNlcm5hbWUiOiJjaGFlcnVsbWFyd2FuMjAiLCJlbWFpbCI6ImNoYWVydWxtYXJ3YW4yMEBnbWFpbC5jb20iLCJmaXJzdE5hbWUiOiJDaGFlcnVsIiwibGFzdE5hbWUiOiJNYXJ3YW4iLCJmdWxsTmFtZSI6IkNoYWVydWwgTWFyd2FuIiwicGhvbmVOdW1iZXIiOiIwODEyMjQ2ODU1MDIiLCJpYXQiOjE2MTgzMjgyOTAsImV4cCI6MTYxODQxNDY5MH0.BT3rIvJzFBjBGADt01wVIuoCuThxSFzOfrbaGYBm9HI', '192.168.43.107', '2021-04-13 15:38:10', '2021-04-13 15:38:10'),
(8, 1, 'eyJhbGciOiJIUzI1NiIsInR5cCI6IkpXVCJ9.eyJpZCI6MSwidXNlcm5hbWUiOiJjaGFlcnVsbWFyd2FuMjAiLCJlbWFpbCI6ImNoYWVydWxtYXJ3YW4yMEBnbWFpbC5jb20iLCJmaXJzdE5hbWUiOiJDaGFlcnVsIiwibGFzdE5hbWUiOiJNYXJ3YW4iLCJmdWxsTmFtZSI6IkNoYWVydWwgTWFyd2FuIiwicGhvbmVOdW1iZXIiOiIwODEyMjQ2ODU1MDIiLCJpYXQiOjE2MTgzMjg4MTUsImV4cCI6MTYxODQxNTIxNX0.2RFKCi-0SHRc_0MPEzcWsBWuIMlH4I3bYcNvKqd-ffM', '192.168.43.107', '2021-04-13 15:46:55', '2021-04-13 15:46:55'),
(9, 1, 'eyJhbGciOiJIUzI1NiIsInR5cCI6IkpXVCJ9.eyJpZCI6MSwidXNlcm5hbWUiOiJjaGFlcnVsbWFyd2FuMjAiLCJlbWFpbCI6ImNoYWVydWxtYXJ3YW4yMEBnbWFpbC5jb20iLCJmaXJzdE5hbWUiOiJDaGFlcnVsIiwibGFzdE5hbWUiOiJNYXJ3YW4iLCJmdWxsTmFtZSI6IkNoYWVydWwgTWFyd2FuIiwicGhvbmVOdW1iZXIiOiIwODEyMjQ2ODU1MDIiLCJpYXQiOjE2MTgzMjk0MzgsImV4cCI6MTYxODQxNTgzOH0.xWyfGLqshxPL_d_6K0j9Cr6OFe7mtvR9Z8FEkkvIx3U', '192.168.43.107', '2021-04-13 15:57:18', '2021-04-13 15:57:18'),
(10, 1, 'eyJhbGciOiJIUzI1NiIsInR5cCI6IkpXVCJ9.eyJpZCI6MSwidXNlcm5hbWUiOiJjaGFlcnVsbWFyd2FuMjAiLCJlbWFpbCI6ImNoYWVydWxtYXJ3YW4yMEBnbWFpbC5jb20iLCJmaXJzdE5hbWUiOiJDaGFlcnVsIiwibGFzdE5hbWUiOiJNYXJ3YW4iLCJmdWxsTmFtZSI6IkNoYWVydWwgTWFyd2FuIiwicGhvbmVOdW1iZXIiOiIwODEyMjQ2ODU1MDIiLCJpYXQiOjE2MTgzMjk4MTEsImV4cCI6MTYxODQxNjIxMX0.rQLOQ-KcM5MwfhfudBUsNauus4RZNc43DCtJ2A1p8Ec', '192.168.43.107', '2021-04-13 16:03:31', '2021-04-13 16:03:31'),
(11, 1, 'eyJhbGciOiJIUzI1NiIsInR5cCI6IkpXVCJ9.eyJpZCI6MSwidXNlcm5hbWUiOiJjaGFlcnVsbWFyd2FuMjAiLCJlbWFpbCI6ImNoYWVydWxtYXJ3YW4yMEBnbWFpbC5jb20iLCJmaXJzdE5hbWUiOiJDaGFlcnVsIiwibGFzdE5hbWUiOiJNYXJ3YW4iLCJmdWxsTmFtZSI6IkNoYWVydWwgTWFyd2FuIiwicGhvbmVOdW1iZXIiOiIwODEyMjQ2ODU1MDIiLCJpYXQiOjE2MTg2Mjg4NzEsImV4cCI6MTYxODcxNTI3MX0.OFNPx56KmCrAo9uxhTvtEEqkJcGbT-MhEP_rfvIKloQ', '192.168.43.107', '2021-04-17 03:07:51', '2021-04-17 03:07:51'),
(12, 5, 'eyJhbGciOiJIUzI1NiIsInR5cCI6IkpXVCJ9.eyJpZCI6NSwidXNlcm5hbWUiOiJib2hkYW4iLCJlbWFpbCI6ImRldmVsb3BlcmJvaGRhbjBAZ21haWwuY29tIiwiZmlyc3ROYW1lIjoiZmlyc3ROYW1lIiwibGFzdE5hbWUiOiJsYXN0TmFtZSIsImZ1bGxOYW1lIjoiZmlyc3ROYW1lIGxhc3ROYW1lIiwicGhvbmVOdW1iZXIiOiIwMDAwMDAwMDAwMDAiLCJpYXQiOjE2MTg2NDkxODYsImV4cCI6MTYxODczNTU4Nn0.wgmF_D0mRoxhzh0uKurwHek4JdHqWAUOZ5J7YylHog8', '192.168.43.232', '2021-04-17 08:46:26', '2021-04-17 08:46:26'),
(13, 1, 'eyJhbGciOiJIUzI1NiIsInR5cCI6IkpXVCJ9.eyJpZCI6MSwidXNlcm5hbWUiOiJjaGFlcnVsbWFyd2FuMjAiLCJlbWFpbCI6ImNoYWVydWxtYXJ3YW4yMEBnbWFpbC5jb20iLCJmaXJzdE5hbWUiOiJDaGFlcnVsIiwibGFzdE5hbWUiOiJNYXJ3YW4iLCJmdWxsTmFtZSI6IkNoYWVydWwgTWFyd2FuIiwicGhvbmVOdW1iZXIiOiIwODEyMjQ2ODU1MDIiLCJpYXQiOjE2MTg2NjE2OTcsImV4cCI6MTYxODc0ODA5N30.pFv6ZpQ-4xCBfy7P7FpxLPhCzkGlxba-kBzMDBjhG34', '192.168.43.107', '2021-04-17 12:14:57', '2021-04-17 12:14:57'),
(14, 5, 'eyJhbGciOiJIUzI1NiIsInR5cCI6IkpXVCJ9.eyJpZCI6NSwidXNlcm5hbWUiOiJib2hkYW4iLCJlbWFpbCI6ImRldmVsb3BlcmJvaGRhbjBAZ21haWwuY29tIiwiZmlyc3ROYW1lIjoiQm9oZGFuIiwibGFzdE5hbWUiOiJEZXZlbG9wZXIiLCJmdWxsTmFtZSI6IkJvaGRhbiBEZXZlbG9wZXIiLCJwaG9uZU51bWJlciI6IjA4NzgyNzg2NTQzNyIsImlhdCI6MTYxODY2NDg5NiwiZXhwIjoxNjE4NzUxMjk2fQ.I1FBWjddzxbwgHwCKJa-3zNZW6oS0a-A-qPOIe0qZjk', '127.0.0.1', '2021-04-17 13:08:16', '2021-04-17 13:08:16'),
(15, 5, 'eyJhbGciOiJIUzI1NiIsInR5cCI6IkpXVCJ9.eyJpZCI6NSwidXNlcm5hbWUiOiJib2hkYW4iLCJlbWFpbCI6ImRldmVsb3BlcmJvaGRhbjBAZ21haWwuY29tIiwiZmlyc3ROYW1lIjoiQm9oZGFuIiwibGFzdE5hbWUiOiJEZXZlbG9wZXIiLCJmdWxsTmFtZSI6IkJvaGRhbiBEZXZlbG9wZXIiLCJwaG9uZU51bWJlciI6IjA4NzgyNzg2NTQzNyIsImlhdCI6MTYxODY3MDg5NiwiZXhwIjoxNjE4NzU3Mjk2fQ.YI5yLA3eUXtKVKd8xPTrUiZPvMvT70gnXDe-2sU74BI', '192.168.43.107', '2021-04-17 14:48:16', '2021-04-17 14:48:16'),
(16, 1, 'eyJhbGciOiJIUzI1NiIsInR5cCI6IkpXVCJ9.eyJpZCI6MSwidXNlcm5hbWUiOiJjaGFlcnVsbWFyd2FuMjAiLCJlbWFpbCI6ImNoYWVydWxtYXJ3YW4yMEBnbWFpbC5jb20iLCJmaXJzdE5hbWUiOiJDaGFlcnVsIiwibGFzdE5hbWUiOiJNYXJ3YW4iLCJmdWxsTmFtZSI6IkNoYWVydWwgTWFyd2FuIiwicGhvbmVOdW1iZXIiOiIwODEyMjQ2ODU1MDIiLCJpYXQiOjE2MTg2NzY5ODUsImV4cCI6MTYxODc2MzM4NX0.4Dvzx8JgwDag5CMym0CIRzo4h2-7x9O1rEGckFlLV4Y', '192.168.43.107', '2021-04-17 16:29:45', '2021-04-17 16:29:45'),
(17, 1, 'eyJhbGciOiJIUzI1NiIsInR5cCI6IkpXVCJ9.eyJpZCI6MSwidXNlcm5hbWUiOiJjaGFlcnVsbWFyd2FuMjAiLCJlbWFpbCI6ImNoYWVydWxtYXJ3YW4yMEBnbWFpbC5jb20iLCJmaXJzdE5hbWUiOiJDaGFlcnVsIiwibGFzdE5hbWUiOiJNYXJ3YW4iLCJmdWxsTmFtZSI6IkNoYWVydWwgTWFyd2FuIiwicGhvbmVOdW1iZXIiOiIwODEyMjQ2ODU1MDIiLCJpYXQiOjE2MTg2Nzc2NzAsImV4cCI6MTYxODc2NDA3MH0.Mpz8zgcZh6bgDbeWxXH3a52FHDsyy8Hck-xZcI9FGcc', '192.168.43.107', '2021-04-17 16:41:10', '2021-04-17 16:41:10'),
(18, 5, 'eyJhbGciOiJIUzI1NiIsInR5cCI6IkpXVCJ9.eyJpZCI6NSwidXNlcm5hbWUiOiJib2hkYW4iLCJlbWFpbCI6ImRldmVsb3BlcmJvaGRhbjBAZ21haWwuY29tIiwiZmlyc3ROYW1lIjoiQm9oZGFuIiwibGFzdE5hbWUiOiJEZXZlbG9wZXIiLCJmdWxsTmFtZSI6IkJvaGRhbiBEZXZlbG9wZXIiLCJwaG9uZU51bWJlciI6IjA4NzgyNzg2NTQzNyIsImlhdCI6MTYxODcxODE0OSwiZXhwIjoxNjE4ODA0NTQ5fQ.6wZ--BE4aQ7KlEn-hqt2vx3eCHXeieGjczWLPBtDzVw', '192.168.43.107', '2021-04-18 03:55:49', '2021-04-18 03:55:49'),
(19, 1, 'eyJhbGciOiJIUzI1NiIsInR5cCI6IkpXVCJ9.eyJpZCI6MSwidXNlcm5hbWUiOiJjaGFlcnVsbWFyd2FuMjAiLCJlbWFpbCI6ImNoYWVydWxtYXJ3YW4yMEBnbWFpbC5jb20iLCJmaXJzdE5hbWUiOiJDaGFlcnVsIiwibGFzdE5hbWUiOiJNYXJ3YW4iLCJmdWxsTmFtZSI6IkNoYWVydWwgTWFyd2FuIiwicGhvbmVOdW1iZXIiOiIwODEyMjQ2ODU1MDIiLCJpYXQiOjE2MTg3MTkwNTksImV4cCI6MTYxODgwNTQ1OX0.BoPpkdvot-v4AQZ-OWRnKMli4Lp4NJ0d7fDDSQ0_u3U', '192.168.43.107', '2021-04-18 04:10:59', '2021-04-18 04:10:59'),
(21, 1, 'eyJhbGciOiJIUzI1NiIsInR5cCI6IkpXVCJ9.eyJpZCI6MSwidXNlcm5hbWUiOiJjaGFlcnVsbWFyd2FuMjAiLCJlbWFpbCI6ImNoYWVydWxtYXJ3YW4yMEBnbWFpbC5jb20iLCJmaXJzdE5hbWUiOiJDaGFlcnVsIiwibGFzdE5hbWUiOiJNYXJ3YW4iLCJmdWxsTmFtZSI6IkNoYWVydWwgTWFyd2FuIiwicGhvbmVOdW1iZXIiOiIwODEyMjQ2ODU1MDIiLCJpYXQiOjE2MTg3MTkyMDQsImV4cCI6MTYxODgwNTYwNH0.6KTzYUIHFSwlaJMM17RhDXu-KEFTQgNgcTPMeEiWoAo', '192.168.43.107', '2021-04-18 04:13:24', '2021-04-18 04:13:24'),
(22, 5, 'eyJhbGciOiJIUzI1NiIsInR5cCI6IkpXVCJ9.eyJpZCI6NSwidXNlcm5hbWUiOiJib2hkYW4iLCJlbWFpbCI6ImRldmVsb3BlcmJvaGRhbjBAZ21haWwuY29tIiwiZmlyc3ROYW1lIjoiQm9oZGFuIiwibGFzdE5hbWUiOiJEZXZlbG9wZXIiLCJmdWxsTmFtZSI6IkJvaGRhbiBEZXZlbG9wZXIiLCJwaG9uZU51bWJlciI6IjA4NzgyNzg2NTQzNyIsImlhdCI6MTYxODcyOTQ0MCwiZXhwIjoxNjE4ODE1ODQwfQ.vWAh0LbrfQk4EoVA5vUalhOxlrNegF9z0Fyk_B5A94A', '192.168.43.107', '2021-04-18 07:04:00', '2021-04-18 07:04:00'),
(23, 1, 'eyJhbGciOiJIUzI1NiIsInR5cCI6IkpXVCJ9.eyJpZCI6MSwidXNlcm5hbWUiOiJjaGFlcnVsbWFyd2FuMjAiLCJlbWFpbCI6ImNoYWVydWxtYXJ3YW4yMEBnbWFpbC5jb20iLCJmaXJzdE5hbWUiOiJDaGFlcnVsIiwibGFzdE5hbWUiOiJNYXJ3YW4iLCJmdWxsTmFtZSI6IkNoYWVydWwgTWFyd2FuIiwicGhvbmVOdW1iZXIiOiIwODEyMjQ2ODU1MDIiLCJpYXQiOjE2MTg3NDkyNDUsImV4cCI6MTYxODgzNTY0NX0.2X-FLj1WAcTliNfkxXZXM9Va3KkkUA_kgRwOudHVhlg', '192.168.43.107', '2021-04-18 12:34:05', '2021-04-18 12:34:05'),
(24, 5, 'eyJhbGciOiJIUzI1NiIsInR5cCI6IkpXVCJ9.eyJpZCI6NSwidXNlcm5hbWUiOiJib2hkYW4iLCJlbWFpbCI6ImRldmVsb3BlcmJvaGRhbjBAZ21haWwuY29tIiwiZmlyc3ROYW1lIjoiQm9oZGFuIiwibGFzdE5hbWUiOiJEZXZlbG9wZXIiLCJmdWxsTmFtZSI6IkJvaGRhbiBEZXZlbG9wZXIiLCJwaG9uZU51bWJlciI6IjA4NzgyNzg2NTQzNyIsImlhdCI6MTYxODc0OTI3OSwiZXhwIjoxNjE4ODM1Njc5fQ.y2pp9xzf7z4AksWUzbt8LIKjWQnnbynPqRFl-MRQ6Is', '192.168.43.107', '2021-04-18 12:34:39', '2021-04-18 12:34:39'),
(25, 5, 'eyJhbGciOiJIUzI1NiIsInR5cCI6IkpXVCJ9.eyJpZCI6NSwidXNlcm5hbWUiOiJib2hkYW4iLCJlbWFpbCI6ImRldmVsb3BlcmJvaGRhbjBAZ21haWwuY29tIiwiZmlyc3ROYW1lIjoiQm9oZGFuIiwibGFzdE5hbWUiOiJEZXZlbG9wZXIiLCJmdWxsTmFtZSI6IkJvaGRhbiBEZXZlbG9wZXIiLCJwaG9uZU51bWJlciI6IjA4NzgyNzg2NTQzNyIsImlhdCI6MTYxODc1MjM1OSwiZXhwIjoxNjE4ODM4NzU5fQ.qpSf1s1xAzsY7AHQOnQtK3ugVEzL6Bi_VybcgVLqvA4', '192.168.43.107', '2021-04-18 13:25:59', '2021-04-18 13:25:59'),
(26, 5, 'eyJhbGciOiJIUzI1NiIsInR5cCI6IkpXVCJ9.eyJpZCI6NSwidXNlcm5hbWUiOiJib2hkYW4iLCJlbWFpbCI6ImRldmVsb3BlcmJvaGRhbjBAZ21haWwuY29tIiwiZmlyc3ROYW1lIjoiQm9oZGFuIiwibGFzdE5hbWUiOiJEZXZlbG9wZXIiLCJmdWxsTmFtZSI6IkJvaGRhbiBEZXZlbG9wZXIiLCJwaG9uZU51bWJlciI6IjA4NzgyNzg2NTQzNyIsImlhdCI6MTYxODc1MjkzMSwiZXhwIjoxNjE4ODM5MzMxfQ.H30K2UxxShA2i8GLsVLDrVuOEM7U_NUdXtKuaD9_ZhQ', '192.168.43.107', '2021-04-18 13:35:31', '2021-04-18 13:35:31'),
(27, 5, 'eyJhbGciOiJIUzI1NiIsInR5cCI6IkpXVCJ9.eyJpZCI6NSwidXNlcm5hbWUiOiJib2hkYW5kZXZlbG9wZXIiLCJlbWFpbCI6ImRldmVsb3BlcmJvaGRhbjBAZ21haWwuY29tIiwiZmlyc3ROYW1lIjoiQm9oZGFuIiwibGFzdE5hbWUiOiJEZXZlbG9wZXIiLCJmdWxsTmFtZSI6IkJvaGRhbiBEZXZlbG9wZXIiLCJwaG9uZU51bWJlciI6IjA4NzgyNzg2NTQzNyIsImlhdCI6MTYxODc4MTcyMywiZXhwIjoxNjE4ODY4MTIzfQ.ix-YQFsG3l_RKYvJKwcbTg_eSo_FWHpoPtntAPEp_ho', '192.168.43.107', '2021-04-18 21:35:23', '2021-04-18 21:35:23'),
(28, 5, 'eyJhbGciOiJIUzI1NiIsInR5cCI6IkpXVCJ9.eyJpZCI6NSwidXNlcm5hbWUiOiJuaWVscnVsIiwiZW1haWwiOiJuaWVscnVsQGdtYWlsLmNvbSIsImZpcnN0TmFtZSI6Ik5pZWwiLCJsYXN0TmFtZSI6IlJ1bCIsImZ1bGxOYW1lIjoiTmllbCBSdWwiLCJwaG9uZU51bWJlciI6IjA4NzgyNzg2NTQzNyIsImlhdCI6MTYxODc4MjQ3NiwiZXhwIjoxNjE4ODY4ODc2fQ.FtotsXDdyMFAW9oNd8syrNfNCHVdAZqwscSwWqS-b3c', '192.168.43.107', '2021-04-18 21:47:56', '2021-04-18 21:47:56'),
(29, 5, 'eyJhbGciOiJIUzI1NiIsInR5cCI6IkpXVCJ9.eyJpZCI6NSwidXNlcm5hbWUiOiJuaWVscnVsIiwiZW1haWwiOiJuaWVscnVsQGdtYWlsLmNvbSIsImZpcnN0TmFtZSI6Ik5pZWwiLCJsYXN0TmFtZSI6IlJ1bCIsImZ1bGxOYW1lIjoiTmllbCBSdWwiLCJwaG9uZU51bWJlciI6IjA4NzgyNzg2NTQzNyIsImlhdCI6MTYxODc4Mjg3OSwiZXhwIjoxNjE4ODY5Mjc5fQ.UyQM-Z5brZB5xn9Wq197HOd9VXbxRrdc9kNhqdJ0RsA', '192.168.43.107', '2021-04-18 21:54:39', '2021-04-18 21:54:39'),
(30, 5, 'eyJhbGciOiJIUzI1NiIsInR5cCI6IkpXVCJ9.eyJpZCI6NSwidXNlcm5hbWUiOiJuaWVscnVsIiwiZW1haWwiOiJuaWVscnVsQGdtYWlsLmNvbSIsImZpcnN0TmFtZSI6Ik5pZWwiLCJsYXN0TmFtZSI6IlJ1bCIsImZ1bGxOYW1lIjoiTmllbCBSdWwiLCJwaG9uZU51bWJlciI6IjA4NzgyNzg2NTQzNyIsImlhdCI6MTYxODgxNDg1NSwiZXhwIjoxNjE4OTAxMjU1fQ.ww9VuNJ4IJvS-82k5j6rk-EWWd6XZJkdx-37vZPfPrc', '192.168.43.107', '2021-04-19 06:47:35', '2021-04-19 06:47:35'),
(32, 5, 'eyJhbGciOiJIUzI1NiIsInR5cCI6IkpXVCJ9.eyJpZCI6NSwidXNlcm5hbWUiOiJhcnVsIiwiZW1haWwiOiJuaWVscnVsQGdtYWlsLmNvbSIsImZpcnN0TmFtZSI6ImFydWwiLCJsYXN0TmFtZSI6Im1hcndhbiIsImZ1bGxOYW1lIjoiYXJ1bCBtYXJ3YW4iLCJwaG9uZU51bWJlciI6IjA4MTIyNDY4NTUwMiIsImlhdCI6MTYxODgxNTU2MSwiZXhwIjoxNjE4OTAxOTYxfQ.-iC9oCGnnCSHgjbmFIv4gaKmCK-Q9EibGWzBA3iig8U', '192.168.43.107', '2021-04-19 06:59:21', '2021-04-19 06:59:21'),
(33, 1, 'eyJhbGciOiJIUzI1NiIsInR5cCI6IkpXVCJ9.eyJpZCI6MSwidXNlcm5hbWUiOiJjaGFlcnVsbWFyd2FuMjAiLCJlbWFpbCI6ImNoYWVydWxtYXJ3YW4yMEBnbWFpbC5jb20iLCJmaXJzdE5hbWUiOiJDaGFlcnVsIiwibGFzdE5hbWUiOiJNYXJ3YW4iLCJmdWxsTmFtZSI6IkNoYWVydWwgTWFyd2FuIiwicGhvbmVOdW1iZXIiOiIwODEyMjQ2ODU1MDIiLCJpYXQiOjE2MTg5OTc2ODAsImV4cCI6MTYxOTA4NDA4MH0.pHhNfoLddwqVU7YqCvz-wyn9f0EfC0QVfFMZrggHJeY', '192.168.43.107', '2021-04-21 09:34:40', '2021-04-21 09:34:40'),
(34, 5, 'eyJhbGciOiJIUzI1NiIsInR5cCI6IkpXVCJ9.eyJpZCI6NSwidXNlcm5hbWUiOiJhcnVsIiwiZW1haWwiOiJuaWVscnVsQGdtYWlsLmNvbSIsImZpcnN0TmFtZSI6ImFydWwiLCJsYXN0TmFtZSI6Im1hcndhbiIsImZ1bGxOYW1lIjoiYXJ1bCBtYXJ3YW4iLCJwaG9uZU51bWJlciI6IjA4MTIyNDY4NTUwMiIsImlhdCI6MTYxODk5ODc3NiwiZXhwIjoxNjE5MDg1MTc2fQ.Of2UV7yqxEU0ERYOYdIPc-nFu7xjCwtSVg3jof8iaRU', '192.168.43.107', '2021-04-21 09:52:56', '2021-04-21 09:52:56'),
(35, 1, 'eyJhbGciOiJIUzI1NiIsInR5cCI6IkpXVCJ9.eyJpZCI6MSwidXNlcm5hbWUiOiJjaGFlcnVsbWFyd2FuMjAiLCJlbWFpbCI6ImNoYWVydWxtYXJ3YW4yMEBnbWFpbC5jb20iLCJmaXJzdE5hbWUiOiJDaGFlcnVsIiwibGFzdE5hbWUiOiJNYXJ3YW4iLCJmdWxsTmFtZSI6IkNoYWVydWwgTWFyd2FuIiwicGhvbmVOdW1iZXIiOiIwODEyMjQ2ODU1MDIiLCJpYXQiOjE2MTkwMDEyNDQsImV4cCI6MTYxOTA4NzY0NH0.8yYRU7OAMsTm3Agom0v0buwHy8iVO3ZqVRHwQ3bS7QY', '192.168.43.107', '2021-04-21 10:34:04', '2021-04-21 10:34:04'),
(36, 1, 'eyJhbGciOiJIUzI1NiIsInR5cCI6IkpXVCJ9.eyJpZCI6MSwidXNlcm5hbWUiOiJjaGFlcnVsbWFyd2FuMjAiLCJlbWFpbCI6ImNoYWVydWxtYXJ3YW4yMEBnbWFpbC5jb20iLCJmaXJzdE5hbWUiOiJDaGFlcnVsIiwibGFzdE5hbWUiOiJNYXJ3YW4iLCJmdWxsTmFtZSI6IkNoYWVydWwgTWFyd2FuIiwicGhvbmVOdW1iZXIiOiIwODEyMjQ2ODU1MDIiLCJpYXQiOjE2MTkwMDczNzYsImV4cCI6MTYxOTA5Mzc3Nn0.XGJPerbLHyaVixBtyBQmSLi47NLX6rU2-JgwyAL7XQM', '192.168.43.107', '2021-04-21 12:16:16', '2021-04-21 12:16:16'),
(37, 1, 'eyJhbGciOiJIUzI1NiIsInR5cCI6IkpXVCJ9.eyJpZCI6MSwidXNlcm5hbWUiOiJjaGFlcnVsbWFyd2FuMjAiLCJlbWFpbCI6ImNoYWVydWxtYXJ3YW4yMEBnbWFpbC5jb20iLCJmaXJzdE5hbWUiOiJDaGFlcnVsIiwibGFzdE5hbWUiOiJNYXJ3YW4iLCJmdWxsTmFtZSI6IkNoYWVydWwgTWFyd2FuIiwicGhvbmVOdW1iZXIiOiIwODEyMjQ2ODU1MDIiLCJpYXQiOjE2MTkwMDgxNjksImV4cCI6MTYxOTA5NDU2OX0.VbJL6kId96SGjkdHueyNXtd6zfKX2BiO_UHQxKHwgRE', '192.168.43.107', '2021-04-21 12:29:29', '2021-04-21 12:29:29'),
(38, 1, 'eyJhbGciOiJIUzI1NiIsInR5cCI6IkpXVCJ9.eyJpZCI6MSwidXNlcm5hbWUiOiJjaGFlcnVsbWFyd2FuMjAiLCJlbWFpbCI6ImNoYWVydWxtYXJ3YW4yMEBnbWFpbC5jb20iLCJmaXJzdE5hbWUiOiJDaGFlcnVsIiwibGFzdE5hbWUiOiJNYXJ3YW4iLCJmdWxsTmFtZSI6IkNoYWVydWwgTWFyd2FuIiwicGhvbmVOdW1iZXIiOiIwODEyMjQ2ODU1MDIiLCJpYXQiOjE2MTkwMDg0MjMsImV4cCI6MTYxOTA5NDgyM30.n_0k18nvyfOX_7rNI_ca3HE6lHc8a0UpeVnhcdJc11c', '192.168.43.107', '2021-04-21 12:33:43', '2021-04-21 12:33:43'),
(39, 1, 'eyJhbGciOiJIUzI1NiIsInR5cCI6IkpXVCJ9.eyJpZCI6MSwidXNlcm5hbWUiOiJjaGFlcnVsbWFyd2FuMjAiLCJlbWFpbCI6ImNoYWVydWxtYXJ3YW4yMEBnbWFpbC5jb20iLCJmaXJzdE5hbWUiOiJDaGFlcnVsIiwibGFzdE5hbWUiOiJNYXJ3YW4iLCJmdWxsTmFtZSI6IkNoYWVydWwgTWFyd2FuIiwicGhvbmVOdW1iZXIiOiIwODEyMjQ2ODU1MDIiLCJpYXQiOjE2MTkwMDg2NTUsImV4cCI6MTYxOTA5NTA1NX0.BsOvQXy1xRE8fbTFv2g7hnGJTKdJWZ7qXz7fY_HvIKM', '192.168.43.107', '2021-04-21 12:37:35', '2021-04-21 12:37:35'),
(40, 1, 'eyJhbGciOiJIUzI1NiIsInR5cCI6IkpXVCJ9.eyJpZCI6MSwidXNlcm5hbWUiOiJjaGFlcnVsbWFyd2FuMjAiLCJlbWFpbCI6ImNoYWVydWxtYXJ3YW4yMEBnbWFpbC5jb20iLCJmaXJzdE5hbWUiOiJDaGFlcnVsIiwibGFzdE5hbWUiOiJNYXJ3YW4iLCJmdWxsTmFtZSI6IkNoYWVydWwgTWFyd2FuIiwicGhvbmVOdW1iZXIiOiIwODEyMjQ2ODU1MDIiLCJpYXQiOjE2MTkwMDk4MzEsImV4cCI6MTYxOTA5NjIzMX0.XlSlEFSNtJxTqZadPyQUnNKwW7xuA2CxYEuZEk1Z8T8', '192.168.43.107', '2021-04-21 12:57:11', '2021-04-21 12:57:11'),
(41, 1, 'eyJhbGciOiJIUzI1NiIsInR5cCI6IkpXVCJ9.eyJpZCI6MSwidXNlcm5hbWUiOiJjaGFlcnVsbWFyd2FuMjAiLCJlbWFpbCI6ImNoYWVydWxtYXJ3YW4yMEBnbWFpbC5jb20iLCJmaXJzdE5hbWUiOiJDaGFlcnVsIiwibGFzdE5hbWUiOiJNYXJ3YW4iLCJmdWxsTmFtZSI6IkNoYWVydWwgTWFyd2FuIiwicGhvbmVOdW1iZXIiOiIwODEyMjQ2ODU1MDIiLCJpYXQiOjE2MTkwMTExNzEsImV4cCI6MTYxOTA5NzU3MX0.tGTrvotel5XIIwe-wcqebh64uWVDkyMt3y5ZWbkFE9U', '192.168.43.107', '2021-04-21 13:19:31', '2021-04-21 13:19:31'),
(42, 1, 'eyJhbGciOiJIUzI1NiIsInR5cCI6IkpXVCJ9.eyJpZCI6MSwidXNlcm5hbWUiOiJjaGFlcnVsbWFyd2FuMjAiLCJlbWFpbCI6ImNoYWVydWxtYXJ3YW4yMEBnbWFpbC5jb20iLCJmaXJzdE5hbWUiOiJDaGFlcnVsIiwibGFzdE5hbWUiOiJNYXJ3YW4iLCJmdWxsTmFtZSI6IkNoYWVydWwgTWFyd2FuIiwicGhvbmVOdW1iZXIiOiIwODEyMjQ2ODU1MDIiLCJpYXQiOjE2MTkwMTE5MTMsImV4cCI6MTYxOTA5ODMxM30.UXdfUgRX1nsjTUOoyzpJpQ2c7d0sWYUhzH5PF02Hos4', '192.168.43.107', '2021-04-21 13:31:53', '2021-04-21 13:31:53'),
(43, 1, 'eyJhbGciOiJIUzI1NiIsInR5cCI6IkpXVCJ9.eyJpZCI6MSwidXNlcm5hbWUiOiJjaGFlcnVsbWFyd2FuMjAiLCJlbWFpbCI6ImNoYWVydWxtYXJ3YW4yMEBnbWFpbC5jb20iLCJmaXJzdE5hbWUiOiJDaGFlcnVsIiwibGFzdE5hbWUiOiJNYXJ3YW4iLCJmdWxsTmFtZSI6IkNoYWVydWwgTWFyd2FuIiwicGhvbmVOdW1iZXIiOiIwODEyMjQ2ODU1MDIiLCJpYXQiOjE2MTkwMTMwNzQsImV4cCI6MTYxOTA5OTQ3NH0.EKAZjBuzdlcMyGRw4EKCnhQlQi9RCNRzXigVoKfNBEc', '192.168.43.107', '2021-04-21 13:51:14', '2021-04-21 13:51:14'),
(44, 1, 'eyJhbGciOiJIUzI1NiIsInR5cCI6IkpXVCJ9.eyJpZCI6MSwidXNlcm5hbWUiOiJjaGFlcnVsbWFyd2FuMjAiLCJlbWFpbCI6ImNoYWVydWxtYXJ3YW4yMEBnbWFpbC5jb20iLCJmaXJzdE5hbWUiOiJDaGFlcnVsIiwibGFzdE5hbWUiOiJNYXJ3YW4iLCJmdWxsTmFtZSI6IkNoYWVydWwgTWFyd2FuIiwicGhvbmVOdW1iZXIiOiIwODEyMjQ2ODU1MDIiLCJpYXQiOjE2MTkwMTMxNTAsImV4cCI6MTYxOTA5OTU1MH0.Kf-2KcTvhd9A3nZHudD7V27rHVXNfug6dwz00AfSHDE', '192.168.43.107', '2021-04-21 13:52:30', '2021-04-21 13:52:30'),
(45, 1, 'eyJhbGciOiJIUzI1NiIsInR5cCI6IkpXVCJ9.eyJpZCI6MSwidXNlcm5hbWUiOiJjaGFlcnVsbWFyd2FuMjAiLCJlbWFpbCI6ImNoYWVydWxtYXJ3YW4yMEBnbWFpbC5jb20iLCJmaXJzdE5hbWUiOiJDaGFlcnVsIiwibGFzdE5hbWUiOiJNYXJ3YW4iLCJmdWxsTmFtZSI6IkNoYWVydWwgTWFyd2FuIiwicGhvbmVOdW1iZXIiOiIwODEyMjQ2ODU1MDIiLCJpYXQiOjE2MTkwMTMyNDQsImV4cCI6MTYxOTA5OTY0NH0.W6HzCHOcnW1ehKcKf__4y1kEf_ANSX8RNQSTWiyOR1o', '192.168.43.107', '2021-04-21 13:54:04', '2021-04-21 13:54:04'),
(46, 1, 'eyJhbGciOiJIUzI1NiIsInR5cCI6IkpXVCJ9.eyJpZCI6MSwidXNlcm5hbWUiOiJjaGFlcnVsbWFyd2FuMjAiLCJlbWFpbCI6ImNoYWVydWxtYXJ3YW4yMEBnbWFpbC5jb20iLCJmaXJzdE5hbWUiOiJDaGFlcnVsIiwibGFzdE5hbWUiOiJNYXJ3YW4iLCJmdWxsTmFtZSI6IkNoYWVydWwgTWFyd2FuIiwicGhvbmVOdW1iZXIiOiIwODEyMjQ2ODU1MDIiLCJpYXQiOjE2MTkwMTMzNTAsImV4cCI6MTYxOTA5OTc1MH0.QWP569BkRaSwUPHzAd1Qx3QqnHpxu4o6c2NIr_LCojo', '192.168.43.107', '2021-04-21 13:55:50', '2021-04-21 13:55:50'),
(47, 1, 'eyJhbGciOiJIUzI1NiIsInR5cCI6IkpXVCJ9.eyJpZCI6MSwidXNlcm5hbWUiOiJjaGFlcnVsbWFyd2FuMjAiLCJlbWFpbCI6ImNoYWVydWxtYXJ3YW4yMEBnbWFpbC5jb20iLCJmaXJzdE5hbWUiOiJDaGFlcnVsIiwibGFzdE5hbWUiOiJNYXJ3YW4iLCJmdWxsTmFtZSI6IkNoYWVydWwgTWFyd2FuIiwicGhvbmVOdW1iZXIiOiIwODEyMjQ2ODU1MDIiLCJpYXQiOjE2MTkwMTM1MTIsImV4cCI6MTYxOTA5OTkxMn0.O0Eqae39A6eEdzteCW5pnO1TJ7MXLpzIS1sAJZ7cGqw', '192.168.43.107', '2021-04-21 13:58:32', '2021-04-21 13:58:32'),
(48, 1, 'eyJhbGciOiJIUzI1NiIsInR5cCI6IkpXVCJ9.eyJpZCI6MSwidXNlcm5hbWUiOiJjaGFlcnVsbWFyd2FuMjAiLCJlbWFpbCI6ImNoYWVydWxtYXJ3YW4yMEBnbWFpbC5jb20iLCJmaXJzdE5hbWUiOiJDaGFlcnVsIiwibGFzdE5hbWUiOiJNYXJ3YW4iLCJmdWxsTmFtZSI6IkNoYWVydWwgTWFyd2FuIiwicGhvbmVOdW1iZXIiOiIwODEyMjQ2ODU1MDIiLCJpYXQiOjE2MTkwMTM2NDYsImV4cCI6MTYxOTEwMDA0Nn0._fyf1YQH9khFbFefAiv9nwi4mFsj4jG402rKC0SS-Ns', '192.168.43.107', '2021-04-21 14:00:46', '2021-04-21 14:00:46'),
(49, 1, 'eyJhbGciOiJIUzI1NiIsInR5cCI6IkpXVCJ9.eyJpZCI6MSwidXNlcm5hbWUiOiJjaGFlcnVsbWFyd2FuMjAiLCJlbWFpbCI6ImNoYWVydWxtYXJ3YW4yMEBnbWFpbC5jb20iLCJmaXJzdE5hbWUiOiJDaGFlcnVsIiwibGFzdE5hbWUiOiJNYXJ3YW4iLCJmdWxsTmFtZSI6IkNoYWVydWwgTWFyd2FuIiwicGhvbmVOdW1iZXIiOiIwODEyMjQ2ODU1MDIiLCJpYXQiOjE2MTkwMTM5MTcsImV4cCI6MTYxOTEwMDMxN30.OGW3dIPuE_-lfNnSu0voxWi_uQkNeW8SKF_YoclhB-4', '192.168.43.107', '2021-04-21 14:05:17', '2021-04-21 14:05:17'),
(50, 1, 'eyJhbGciOiJIUzI1NiIsInR5cCI6IkpXVCJ9.eyJpZCI6MSwidXNlcm5hbWUiOiJjaGFlcnVsbWFyd2FuMjAiLCJlbWFpbCI6ImNoYWVydWxtYXJ3YW4yMEBnbWFpbC5jb20iLCJmaXJzdE5hbWUiOiJDaGFlcnVsIiwibGFzdE5hbWUiOiJNYXJ3YW4iLCJmdWxsTmFtZSI6IkNoYWVydWwgTWFyd2FuIiwicGhvbmVOdW1iZXIiOiIwODEyMjQ2ODU1MDIiLCJpYXQiOjE2MTkwNTc1MjUsImV4cCI6MTYxOTE0MzkyNX0.DDtuakEy7C9fVU_eCGPFb4Zrym4hnE194j_WWzEKQHQ', '192.168.43.107', '2021-04-22 02:12:05', '2021-04-22 02:12:05'),
(51, 5, 'eyJhbGciOiJIUzI1NiIsInR5cCI6IkpXVCJ9.eyJpZCI6NSwidXNlcm5hbWUiOiJhcnVsIiwiZW1haWwiOiJuaWVscnVsQGdtYWlsLmNvbSIsImZpcnN0TmFtZSI6ImFydWwiLCJsYXN0TmFtZSI6Im1hcndhbiIsImZ1bGxOYW1lIjoiYXJ1bCBtYXJ3YW4iLCJwaG9uZU51bWJlciI6IjA4MTIyNDY4NTUwMiIsImlhdCI6MTYxOTA1ODIyNCwiZXhwIjoxNjE5MTQ0NjI0fQ.h-LdStktZF3nrRaVa-LDpwVxLR2OzCiCSmRP4sdDwRI', '192.168.43.107', '2021-04-22 02:23:44', '2021-04-22 02:23:44'),
(52, 1, 'eyJhbGciOiJIUzI1NiIsInR5cCI6IkpXVCJ9.eyJpZCI6MSwidXNlcm5hbWUiOiJjaGFlcnVsbWFyd2FuMjAiLCJlbWFpbCI6ImNoYWVydWxtYXJ3YW4yMEBnbWFpbC5jb20iLCJmaXJzdE5hbWUiOiJDaGFlcnVsIiwibGFzdE5hbWUiOiJNYXJ3YW4iLCJmdWxsTmFtZSI6IkNoYWVydWwgTWFyd2FuIiwicGhvbmVOdW1iZXIiOiIwODEyMjQ2ODU1MDIiLCJpYXQiOjE2MTkwNTg4MTcsImV4cCI6MTYxOTE0NTIxN30.fi0SnueWU6J-Qo20190S8sWKTHVvXmS_3epwcEYLxYU', '192.168.43.107', '2021-04-22 02:33:37', '2021-04-22 02:33:37'),
(53, 1, 'eyJhbGciOiJIUzI1NiIsInR5cCI6IkpXVCJ9.eyJpZCI6MSwidXNlcm5hbWUiOiJjaGFlcnVsbWFyd2FuMjAiLCJlbWFpbCI6ImNoYWVydWxtYXJ3YW4yMEBnbWFpbC5jb20iLCJmaXJzdE5hbWUiOiJDaGFlcnVsIiwibGFzdE5hbWUiOiJNYXJ3YW4iLCJmdWxsTmFtZSI6IkNoYWVydWwgTWFyd2FuIiwicGhvbmVOdW1iZXIiOiIwODEyMjQ2ODU1MDIiLCJpYXQiOjE2MTkwNjE1MDcsImV4cCI6MTYxOTE0NzkwN30.Z2zNISnw5tVSgH_JDWNqldpnJgu1ju0cfOsuEVIqbb0', '192.168.43.107', '2021-04-22 03:18:27', '2021-04-22 03:18:27'),
(54, 1, 'eyJhbGciOiJIUzI1NiIsInR5cCI6IkpXVCJ9.eyJpZCI6MSwidXNlcm5hbWUiOiJjaGFlcnVsbWFyd2FuMjAiLCJlbWFpbCI6ImNoYWVydWxtYXJ3YW4yMEBnbWFpbC5jb20iLCJmaXJzdE5hbWUiOiJDaGFlcnVsIiwibGFzdE5hbWUiOiJNYXJ3YW4iLCJmdWxsTmFtZSI6IkNoYWVydWwgTWFyd2FuIiwicGhvbmVOdW1iZXIiOiIwODEyMjQ2ODU1MDIiLCJpYXQiOjE2MTkwODIwOTUsImV4cCI6MTYxOTE2ODQ5NX0.WVPYMvv_Y6oIibiqxfVXyGJfLGDsD5TqCMrpM8hF8jM', '192.168.43.107', '2021-04-22 09:01:35', '2021-04-22 09:01:35'),
(55, 1, 'eyJhbGciOiJIUzI1NiIsInR5cCI6IkpXVCJ9.eyJpZCI6MSwidXNlcm5hbWUiOiJjaGFlcnVsbWFyd2FuMjAiLCJlbWFpbCI6ImNoYWVydWxtYXJ3YW4yMEBnbWFpbC5jb20iLCJmaXJzdE5hbWUiOiJDaGFlcnVsIiwibGFzdE5hbWUiOiJNYXJ3YW4iLCJmdWxsTmFtZSI6IkNoYWVydWwgTWFyd2FuIiwicGhvbmVOdW1iZXIiOiIwODEyMjQ2ODU1MDIiLCJpYXQiOjE2MTkwODIxNDIsImV4cCI6MTYxOTE2ODU0Mn0.sC_XduaXLboZIhU6Kx7jT4Ps4M1qhu724NPJmbaTVZ8', '192.168.43.107', '2021-04-22 09:02:22', '2021-04-22 09:02:22'),
(56, 1, 'eyJhbGciOiJIUzI1NiIsInR5cCI6IkpXVCJ9.eyJpZCI6MSwidXNlcm5hbWUiOiJjaGFlcnVsbWFyd2FuMjAiLCJlbWFpbCI6ImNoYWVydWxtYXJ3YW4yMEBnbWFpbC5jb20iLCJmaXJzdE5hbWUiOiJDaGFlcnVsIiwibGFzdE5hbWUiOiJNYXJ3YW4iLCJmdWxsTmFtZSI6IkNoYWVydWwgTWFyd2FuIiwicGhvbmVOdW1iZXIiOiIwODEyMjQ2ODU1MDIiLCJpYXQiOjE2MTkwODIxNTksImV4cCI6MTYxOTE2ODU1OX0.JqHdF9fpYFD9TEspXlkpebkU0tLWxoUdcH2yHZQLur8', '192.168.43.107', '2021-04-22 09:02:39', '2021-04-22 09:02:39'),
(57, 1, 'eyJhbGciOiJIUzI1NiIsInR5cCI6IkpXVCJ9.eyJpZCI6MSwidXNlcm5hbWUiOiJjaGFlcnVsbWFyd2FuMjAiLCJlbWFpbCI6ImNoYWVydWxtYXJ3YW4yMEBnbWFpbC5jb20iLCJmaXJzdE5hbWUiOiJDaGFlcnVsIiwibGFzdE5hbWUiOiJNYXJ3YW4iLCJmdWxsTmFtZSI6IkNoYWVydWwgTWFyd2FuIiwicGhvbmVOdW1iZXIiOiIwODEyMjQ2ODU1MDIiLCJpYXQiOjE2MTkwODIxODAsImV4cCI6MTYxOTE2ODU4MH0.7bgSif2IfhO3xmg7LLfEp052XgSBQzIB4xaLZKXr7uQ', '192.168.43.107', '2021-04-22 09:03:00', '2021-04-22 09:03:00'),
(58, 1, 'eyJhbGciOiJIUzI1NiIsInR5cCI6IkpXVCJ9.eyJpZCI6MSwidXNlcm5hbWUiOiJjaGFlcnVsbWFyd2FuMjAiLCJlbWFpbCI6ImNoYWVydWxtYXJ3YW4yMEBnbWFpbC5jb20iLCJmaXJzdE5hbWUiOiJDaGFlcnVsIiwibGFzdE5hbWUiOiJNYXJ3YW4iLCJmdWxsTmFtZSI6IkNoYWVydWwgTWFyd2FuIiwicGhvbmVOdW1iZXIiOiIwODEyMjQ2ODU1MDIiLCJpYXQiOjE2MTkwODIyNzQsImV4cCI6MTYxOTE2ODY3NH0.cBvA8RHgFUNNk9y1m3NB98eJt4zx7KFVtP-v_khWkWI', '192.168.43.107', '2021-04-22 09:04:34', '2021-04-22 09:04:34'),
(59, 1, 'eyJhbGciOiJIUzI1NiIsInR5cCI6IkpXVCJ9.eyJpZCI6MSwidXNlcm5hbWUiOiJjaGFlcnVsbWFyd2FuMjAiLCJlbWFpbCI6ImNoYWVydWxtYXJ3YW4yMEBnbWFpbC5jb20iLCJmaXJzdE5hbWUiOiJDaGFlcnVsIiwibGFzdE5hbWUiOiJNYXJ3YW4iLCJmdWxsTmFtZSI6IkNoYWVydWwgTWFyd2FuIiwicGhvbmVOdW1iZXIiOiIwODEyMjQ2ODU1MDIiLCJpYXQiOjE2MTkwODQxMjcsImV4cCI6MTYxOTE3MDUyN30.D1QF1QjUukhDYCL1zTFwoCVOO5Nvt8DH0rAz7Uf4mX4', '192.168.43.107', '2021-04-22 09:35:27', '2021-04-22 09:35:27'),
(60, 1, 'eyJhbGciOiJIUzI1NiIsInR5cCI6IkpXVCJ9.eyJpZCI6MSwidXNlcm5hbWUiOiJjaGFlcnVsbWFyd2FuMjAiLCJlbWFpbCI6ImNoYWVydWxtYXJ3YW4yMEBnbWFpbC5jb20iLCJmaXJzdE5hbWUiOiJDaGFlcnVsIiwibGFzdE5hbWUiOiJNYXJ3YW4iLCJmdWxsTmFtZSI6IkNoYWVydWwgTWFyd2FuIiwicGhvbmVOdW1iZXIiOiIwODEyMjQ2ODU1MDIiLCJpYXQiOjE2MTkwODU1MTQsImV4cCI6MTYxOTE3MTkxNH0.clAOT1sLb1q3uA6u3sWkNVE1l8aSEQ7r9YttEDN56mw', '192.168.43.107', '2021-04-22 09:58:34', '2021-04-22 09:58:34'),
(61, 1, 'eyJhbGciOiJIUzI1NiIsInR5cCI6IkpXVCJ9.eyJpZCI6MSwidXNlcm5hbWUiOiJjaGFlcnVsbWFyd2FuMjAiLCJlbWFpbCI6ImNoYWVydWxtYXJ3YW4yMEBnbWFpbC5jb20iLCJmaXJzdE5hbWUiOiJDaGFlcnVsIiwibGFzdE5hbWUiOiJNYXJ3YW4iLCJmdWxsTmFtZSI6IkNoYWVydWwgTWFyd2FuIiwicGhvbmVOdW1iZXIiOiIwODEyMjQ2ODU1MDIiLCJpYXQiOjE2MTkwODU4ODcsImV4cCI6MTYxOTE3MjI4N30.K9Svr6fuL9POtW8Lbztv-XryDSxcxNbWhuWdT0xEnQM', '192.168.43.107', '2021-04-22 10:04:47', '2021-04-22 10:04:47'),
(62, 1, 'eyJhbGciOiJIUzI1NiIsInR5cCI6IkpXVCJ9.eyJpZCI6MSwidXNlcm5hbWUiOiJjaGFlcnVsbWFyd2FuMjAiLCJlbWFpbCI6ImNoYWVydWxtYXJ3YW4yMEBnbWFpbC5jb20iLCJmaXJzdE5hbWUiOiJDaGFlcnVsIiwibGFzdE5hbWUiOiJNYXJ3YW4iLCJmdWxsTmFtZSI6IkNoYWVydWwgTWFyd2FuIiwicGhvbmVOdW1iZXIiOiIwODEyMjQ2ODU1MDIiLCJpYXQiOjE2MTkxNjM1MDYsImV4cCI6MTYxOTI0OTkwNn0.v87yemZibAkJaSzCaUQfpMw0xZ8iij0_xpX4E2iIbSA', '192.168.43.107', '2021-04-23 07:38:26', '2021-04-23 07:38:26'),
(63, 1, 'eyJhbGciOiJIUzI1NiIsInR5cCI6IkpXVCJ9.eyJpZCI6MSwidXNlcm5hbWUiOiJjaGFlcnVsbWFyd2FuMjAiLCJlbWFpbCI6ImNoYWVydWxtYXJ3YW4yMEBnbWFpbC5jb20iLCJmaXJzdE5hbWUiOiJDaGFlcnVsIiwibGFzdE5hbWUiOiJNYXJ3YW4iLCJmdWxsTmFtZSI6IkNoYWVydWwgTWFyd2FuIiwicGhvbmVOdW1iZXIiOiIwODEyMjQ2ODU1MDIiLCJpYXQiOjE2MTkxNjM1MDYsImV4cCI6MTYxOTI0OTkwNn0.v87yemZibAkJaSzCaUQfpMw0xZ8iij0_xpX4E2iIbSA', '192.168.43.107', '2021-04-23 07:38:26', '2021-04-23 07:38:26'),
(64, 1, 'eyJhbGciOiJIUzI1NiIsInR5cCI6IkpXVCJ9.eyJpZCI6MSwidXNlcm5hbWUiOiJjaGFlcnVsbWFyd2FuMjAiLCJlbWFpbCI6ImNoYWVydWxtYXJ3YW4yMEBnbWFpbC5jb20iLCJmaXJzdE5hbWUiOiJDaGFlcnVsIiwibGFzdE5hbWUiOiJNYXJ3YW4iLCJmdWxsTmFtZSI6IkNoYWVydWwgTWFyd2FuIiwicGhvbmVOdW1iZXIiOiIwODEyMjQ2ODU1MDIiLCJpYXQiOjE2MTkxNjkzMDIsImV4cCI6MTYxOTI1NTcwMn0.gMRWcJx3JiN8h16OA8cwuyHWKcERfKBq2GTkrWKTP8U', '192.168.43.107', '2021-04-23 09:15:02', '2021-04-23 09:15:02'),
(66, 1, 'eyJhbGciOiJIUzI1NiIsInR5cCI6IkpXVCJ9.eyJpZCI6MSwidXNlcm5hbWUiOiJjaGFlcnVsbWFyd2FuMjAiLCJlbWFpbCI6ImNoYWVydWxtYXJ3YW4yMEBnbWFpbC5jb20iLCJmaXJzdE5hbWUiOiJDaGFlcnVsIiwibGFzdE5hbWUiOiJNYXJ3YW4iLCJmdWxsTmFtZSI6IkNoYWVydWwgTWFyd2FuIiwicGhvbmVOdW1iZXIiOiIwODEyMjQ2ODU1MDIiLCJpYXQiOjE2MTkxNzA0NTUsImV4cCI6MTYxOTI1Njg1NX0.oH_vfIX3vAhKgCqj45PVaSgS6tLwW-s8wBcGBuDUyZ4', '192.168.43.107', '2021-04-23 09:34:15', '2021-04-23 09:34:15'),
(67, 6, 'eyJhbGciOiJIUzI1NiIsInR5cCI6IkpXVCJ9.eyJpZCI6NiwidXNlcm5hbWUiOiJyb2JlcnRjaGFuZGxlciIsImVtYWlsIjoicm9iZXJ0Y2hhbmRsZXJAZ21haWwuY29tIiwiZmlyc3ROYW1lIjoiUm9iZXJ0IiwibGFzdE5hbWUiOiJDaGFuZGxlciIsImZ1bGxOYW1lIjoiUm9iZXJ0IENoYW5kbGVyIiwicGhvbmVOdW1iZXIiOiIwODE1NDM4OTA2NTQiLCJpYXQiOjE2MTkxNzE4OTIsImV4cCI6MTYxOTI1ODI5Mn0.l-PH7Cc8qv_7wWFkMhEsDM2bTi37g0uDxhizg0u_Nd8', '192.168.43.107', '2021-04-23 09:58:12', '2021-04-23 09:58:12'),
(68, 6, 'eyJhbGciOiJIUzI1NiIsInR5cCI6IkpXVCJ9.eyJpZCI6NiwidXNlcm5hbWUiOiJyb2JlcnRjaGFuZGxlciIsImVtYWlsIjoicm9iZXJ0Y2hhbmRsZXJAZ21haWwuY29tIiwiZmlyc3ROYW1lIjoiUm9iZXJ0IiwibGFzdE5hbWUiOiJDaGFuZGxlciIsImZ1bGxOYW1lIjoiUm9iZXJ0IENoYW5kbGVyIiwicGhvbmVOdW1iZXIiOiIwODE1NDM4OTA2NTQiLCJpYXQiOjE2MTkxNzE4OTIsImV4cCI6MTYxOTI1ODI5Mn0.l-PH7Cc8qv_7wWFkMhEsDM2bTi37g0uDxhizg0u_Nd8', '192.168.43.107', '2021-04-23 09:58:12', '2021-04-23 09:58:12'),
(69, 6, 'eyJhbGciOiJIUzI1NiIsInR5cCI6IkpXVCJ9.eyJpZCI6NiwidXNlcm5hbWUiOiJyb2JlcnRjaGFuZGxlciIsImVtYWlsIjoicm9iZXJ0Y2hhbmRsZXJAZ21haWwuY29tIiwiZmlyc3ROYW1lIjoiUm9iZXJ0IiwibGFzdE5hbWUiOiJDaGFuZGxlciIsImZ1bGxOYW1lIjoiUm9iZXJ0IENoYW5kbGVyIiwicGhvbmVOdW1iZXIiOiIwODE1NDM4OTA2NTQiLCJpYXQiOjE2MTkxNzE4OTIsImV4cCI6MTYxOTI1ODI5Mn0.l-PH7Cc8qv_7wWFkMhEsDM2bTi37g0uDxhizg0u_Nd8', '192.168.43.107', '2021-04-23 09:58:12', '2021-04-23 09:58:12'),
(70, 6, 'eyJhbGciOiJIUzI1NiIsInR5cCI6IkpXVCJ9.eyJpZCI6NiwidXNlcm5hbWUiOiJyb2JlcnRjaGFuZGxlciIsImVtYWlsIjoicm9iZXJ0Y2hhbmRsZXJAZ21haWwuY29tIiwiZmlyc3ROYW1lIjoiUm9iZXJ0IiwibGFzdE5hbWUiOiJDaGFuZGxlciIsImZ1bGxOYW1lIjoiUm9iZXJ0IENoYW5kbGVyIiwicGhvbmVOdW1iZXIiOiIwODE1NDM4OTA2NTQiLCJpYXQiOjE2MTkxNzE4OTIsImV4cCI6MTYxOTI1ODI5Mn0.l-PH7Cc8qv_7wWFkMhEsDM2bTi37g0uDxhizg0u_Nd8', '192.168.43.107', '2021-04-23 09:58:12', '2021-04-23 09:58:12'),
(71, 6, 'eyJhbGciOiJIUzI1NiIsInR5cCI6IkpXVCJ9.eyJpZCI6NiwidXNlcm5hbWUiOiJyb2JlcnRjaGFuZGxlciIsImVtYWlsIjoicm9iZXJ0Y2hhbmRsZXJAZ21haWwuY29tIiwiZmlyc3ROYW1lIjoiUm9iZXJ0IiwibGFzdE5hbWUiOiJDaGFuZGxlciIsImZ1bGxOYW1lIjoiUm9iZXJ0IENoYW5kbGVyIiwicGhvbmVOdW1iZXIiOiIwODE1NDM4OTA2NTQiLCJpYXQiOjE2MTkxNzE4OTMsImV4cCI6MTYxOTI1ODI5M30.W4APf6d0_7fBtouYTDrFNkSmffbqD0XBXHaoDLTiK88', '192.168.43.107', '2021-04-23 09:58:13', '2021-04-23 09:58:13'),
(72, 6, 'eyJhbGciOiJIUzI1NiIsInR5cCI6IkpXVCJ9.eyJpZCI6NiwidXNlcm5hbWUiOiJyb2JlcnRjaGFuZGxlciIsImVtYWlsIjoicm9iZXJ0Y2hhbmRsZXJAZ21haWwuY29tIiwiZmlyc3ROYW1lIjoiUm9iZXJ0IiwibGFzdE5hbWUiOiJDaGFuZGxlciIsImZ1bGxOYW1lIjoiUm9iZXJ0IENoYW5kbGVyIiwicGhvbmVOdW1iZXIiOiIwODE1NDM4OTA2NTQiLCJpYXQiOjE2MTkxNzE4OTMsImV4cCI6MTYxOTI1ODI5M30.W4APf6d0_7fBtouYTDrFNkSmffbqD0XBXHaoDLTiK88', '192.168.43.107', '2021-04-23 09:58:13', '2021-04-23 09:58:13'),
(73, 6, 'eyJhbGciOiJIUzI1NiIsInR5cCI6IkpXVCJ9.eyJpZCI6NiwidXNlcm5hbWUiOiJyb2JlcnRjaGFuZGxlciIsImVtYWlsIjoicm9iZXJ0Y2hhbmRsZXJAZ21haWwuY29tIiwiZmlyc3ROYW1lIjoiUm9iZXJ0IiwibGFzdE5hbWUiOiJDaGFuZGxlciIsImZ1bGxOYW1lIjoiUm9iZXJ0IENoYW5kbGVyIiwicGhvbmVOdW1iZXIiOiIwODE1NDM4OTA2NTQiLCJpYXQiOjE2MTkxNzE4OTMsImV4cCI6MTYxOTI1ODI5M30.W4APf6d0_7fBtouYTDrFNkSmffbqD0XBXHaoDLTiK88', '192.168.43.107', '2021-04-23 09:58:13', '2021-04-23 09:58:13'),
(74, 6, 'eyJhbGciOiJIUzI1NiIsInR5cCI6IkpXVCJ9.eyJpZCI6NiwidXNlcm5hbWUiOiJyb2JlcnRjaGFuZGxlciIsImVtYWlsIjoicm9iZXJ0Y2hhbmRsZXJAZ21haWwuY29tIiwiZmlyc3ROYW1lIjoiUm9iZXJ0IiwibGFzdE5hbWUiOiJDaGFuZGxlciIsImZ1bGxOYW1lIjoiUm9iZXJ0IENoYW5kbGVyIiwicGhvbmVOdW1iZXIiOiIwODE1NDM4OTA2NTQiLCJpYXQiOjE2MTkxNzE4OTMsImV4cCI6MTYxOTI1ODI5M30.W4APf6d0_7fBtouYTDrFNkSmffbqD0XBXHaoDLTiK88', '192.168.43.107', '2021-04-23 09:58:13', '2021-04-23 09:58:13'),
(75, 6, 'eyJhbGciOiJIUzI1NiIsInR5cCI6IkpXVCJ9.eyJpZCI6NiwidXNlcm5hbWUiOiJyb2JlcnRjaGFuZGxlciIsImVtYWlsIjoicm9iZXJ0Y2hhbmRsZXJAZ21haWwuY29tIiwiZmlyc3ROYW1lIjoiUm9iZXJ0IiwibGFzdE5hbWUiOiJDaGFuZGxlciIsImZ1bGxOYW1lIjoiUm9iZXJ0IENoYW5kbGVyIiwicGhvbmVOdW1iZXIiOiIwODE1NDM4OTA2NTQiLCJpYXQiOjE2MTkxNzE4OTMsImV4cCI6MTYxOTI1ODI5M30.W4APf6d0_7fBtouYTDrFNkSmffbqD0XBXHaoDLTiK88', '192.168.43.107', '2021-04-23 09:58:13', '2021-04-23 09:58:13'),
(76, 1, 'eyJhbGciOiJIUzI1NiIsInR5cCI6IkpXVCJ9.eyJpZCI6MSwidXNlcm5hbWUiOiJjaGFlcnVsbWFyd2FuMjAiLCJlbWFpbCI6ImNoYWVydWxtYXJ3YW4yMEBnbWFpbC5jb20iLCJmaXJzdE5hbWUiOiJDaGFlcnVsIiwibGFzdE5hbWUiOiJNYXJ3YW4iLCJmdWxsTmFtZSI6IkNoYWVydWwgTWFyd2FuIiwicGhvbmVOdW1iZXIiOiIwODEyMjQ2ODU1MDIiLCJpYXQiOjE2MTkxODcxMTUsImV4cCI6MTYxOTI3MzUxNX0.-AAPf9z3bm8SufccBvUYoW2MWhQ7NfDXcnJsMXPEXJ4', '192.168.43.107', '2021-04-23 14:11:55', '2021-04-23 14:11:55'),
(77, 1, 'eyJhbGciOiJIUzI1NiIsInR5cCI6IkpXVCJ9.eyJpZCI6MSwidXNlcm5hbWUiOiJjaGFlcnVsbWFyd2FuMjAiLCJlbWFpbCI6ImNoYWVydWxtYXJ3YW4yMEBnbWFpbC5jb20iLCJmaXJzdE5hbWUiOiJDaGFlcnVsIiwibGFzdE5hbWUiOiJNYXJ3YW4iLCJmdWxsTmFtZSI6IkNoYWVydWwgTWFyd2FuIiwicGhvbmVOdW1iZXIiOiIwODEyMjQ2ODU1MDIiLCJpYXQiOjE2MTkxODc5MjcsImV4cCI6MTYxOTI3NDMyN30.qvKq8kUbrHYBjS7eCb74tml5hTbwYAIhf-4cZKSsuc4', '192.168.43.107', '2021-04-23 14:25:27', '2021-04-23 14:25:27'),
(78, 1, 'eyJhbGciOiJIUzI1NiIsInR5cCI6IkpXVCJ9.eyJpZCI6MSwidXNlcm5hbWUiOiJjaGFlcnVsbWFyd2FuMjAiLCJlbWFpbCI6ImNoYWVydWxtYXJ3YW4yMEBnbWFpbC5jb20iLCJmaXJzdE5hbWUiOiJDaGFlcnVsIiwibGFzdE5hbWUiOiJNYXJ3YW4iLCJmdWxsTmFtZSI6IkNoYWVydWwgTWFyd2FuIiwicGhvbmVOdW1iZXIiOiIwODEyMjQ2ODU1MDIiLCJpYXQiOjE2MTkyMDM5NjcsImV4cCI6MTYxOTI5MDM2N30.Gjllygnh4HzpO5wJJ1tEj3SjCIsyFEj7nGTskcJ8W9k', '192.168.43.107', '2021-04-23 18:52:47', '2021-04-23 18:52:47'),
(79, 22, 'eyJhbGciOiJIUzI1NiIsInR5cCI6IkpXVCJ9.eyJpZCI6MjIsInVzZXJuYW1lIjoibWFyd2FucnVsIiwiZW1haWwiOiJtYXJ3YW5ydWxAZ21haWwuY29tIiwiZmlyc3ROYW1lIjoiZmlyc3ROYW1lIiwibGFzdE5hbWUiOiJsYXN0TmFtZSIsImZ1bGxOYW1lIjoiZmlyc3ROYW1lIGxhc3ROYW1lIiwicGhvbmVOdW1iZXIiOiIwMDAwMDAwMDAwMDAiLCJpYXQiOjE2MTkyMzc1MTUsImV4cCI6MTYxOTMyMzkxNX0.tZWMSXFLq7Pn3e7Tl0yfsC_SjtmzkpdZVwF7Lha16hQ', '192.168.43.107', '2021-04-24 04:11:55', '2021-04-24 04:11:55'),
(80, 22, 'eyJhbGciOiJIUzI1NiIsInR5cCI6IkpXVCJ9.eyJpZCI6MjIsInVzZXJuYW1lIjoibWFyd2FucnVsIiwiZW1haWwiOiJtYXJ3YW5ydWxAZ21haWwuY29tIiwiZmlyc3ROYW1lIjoiZmlyc3ROYW1lIiwibGFzdE5hbWUiOiJsYXN0TmFtZSIsImZ1bGxOYW1lIjoiZmlyc3ROYW1lIGxhc3ROYW1lIiwicGhvbmVOdW1iZXIiOiIwMDAwMDAwMDAwMDAiLCJpYXQiOjE2MTkyMzgzMTgsImV4cCI6MTYxOTMyNDcxOH0.3GW4remn2XF4DY6yRG3djvLCq4mqMzsZlY832k1-4hM', '192.168.43.107', '2021-04-24 04:25:18', '2021-04-24 04:25:18'),
(81, 22, 'eyJhbGciOiJIUzI1NiIsInR5cCI6IkpXVCJ9.eyJpZCI6MjIsInVzZXJuYW1lIjoibWFyd2FucnVsIiwiZW1haWwiOiJtYXJ3YW5ydWxAZ21haWwuY29tIiwiZmlyc3ROYW1lIjoiTWFyd2FuIiwibGFzdE5hbWUiOiJSdWwiLCJmdWxsTmFtZSI6Ik1hcndhbiBSdWwiLCJwaG9uZU51bWJlciI6IjA4NTAwOTEyMzY5NyIsImlhdCI6MTYxOTI0NDU5NSwiZXhwIjoxNjE5MzMwOTk1fQ.Ym5KoRosXbMhir_0VXIHRVERIGjc1AKmV6huRSZu6Qk', '192.168.43.107', '2021-04-24 06:09:55', '2021-04-24 06:09:55'),
(82, 22, 'eyJhbGciOiJIUzI1NiIsInR5cCI6IkpXVCJ9.eyJpZCI6MjIsInVzZXJuYW1lIjoibWFyd2FucnVsIiwiZW1haWwiOiJtYXJ3YW5ydWxAZ21haWwuY29tIiwiZmlyc3ROYW1lIjoiTWFyd2FuIiwibGFzdE5hbWUiOiJSdWwiLCJmdWxsTmFtZSI6Ik1hcndhbiBSdWwiLCJwaG9uZU51bWJlciI6IjA4NTAwOTEyMzY5NyIsImlhdCI6MTYxOTI0NDk0OSwiZXhwIjoxNjE5MzMxMzQ5fQ.92ki9BmRkyX7oclmvkcGc4eIVhi3zyhOwzRi_QjDSC4', '192.168.43.107', '2021-04-24 06:15:49', '2021-04-24 06:15:49'),
(83, 22, 'eyJhbGciOiJIUzI1NiIsInR5cCI6IkpXVCJ9.eyJpZCI6MjIsInVzZXJuYW1lIjoibWFyd2FucnVsIiwiZW1haWwiOiJtYXJ3YW5ydWxAZ21haWwuY29tIiwiZmlyc3ROYW1lIjoiTWFyd2FuIiwibGFzdE5hbWUiOiJSdWwiLCJmdWxsTmFtZSI6Ik1hcndhbiBSdWwiLCJwaG9uZU51bWJlciI6IjA4NTAwOTEyMzY5NyIsImlhdCI6MTYxOTI0NTUzNiwiZXhwIjoxNjE5MzMxOTM2fQ.Ag-M8UwvzkJw_gbtuERtfsCbVuCIX9bjJj9QPlQbuSQ', '192.168.43.107', '2021-04-24 06:25:36', '2021-04-24 06:25:36'),
(84, 1, 'eyJhbGciOiJIUzI1NiIsInR5cCI6IkpXVCJ9.eyJpZCI6MSwidXNlcm5hbWUiOiJjaGFlcnVsbWFyd2FuMjAiLCJlbWFpbCI6ImNoYWVydWxtYXJ3YW4yMEBnbWFpbC5jb20iLCJmaXJzdE5hbWUiOiJDaGFlcnVsIiwibGFzdE5hbWUiOiJNYXJ3YW4iLCJmdWxsTmFtZSI6IkNoYWVydWwgTWFyd2FuIiwicGhvbmVOdW1iZXIiOiIwODEyMjQ2ODU1MDIiLCJpYXQiOjE2MTkyNDcxNzcsImV4cCI6MTYxOTMzMzU3N30.CYMIh_oTem4dq6h6wwdRAwNxlmcraj-qBVsi9lk4ZbA', '192.168.43.107', '2021-04-24 06:52:57', '2021-04-24 06:52:57'),
(85, 22, 'eyJhbGciOiJIUzI1NiIsInR5cCI6IkpXVCJ9.eyJpZCI6MjIsInVzZXJuYW1lIjoibWFyd2FucnVsIiwiZW1haWwiOiJtYXJ3YW5ydWxAZ21haWwuY29tIiwiZmlyc3ROYW1lIjoiTWFyd2FuIiwibGFzdE5hbWUiOiJSdWwiLCJmdWxsTmFtZSI6Ik1hcndhbiBSdWwiLCJwaG9uZU51bWJlciI6IjA4NTAwOTEyMzY5NyIsImlhdCI6MTYxOTI0NzI0NiwiZXhwIjoxNjE5MzMzNjQ2fQ.TbEKQ-PDYOB6sgnLnU-KpkttpPEBFMuQMvozJ1BbYn4', '192.168.43.107', '2021-04-24 06:54:06', '2021-04-24 06:54:06'),
(86, 1, 'eyJhbGciOiJIUzI1NiIsInR5cCI6IkpXVCJ9.eyJpZCI6MSwidXNlcm5hbWUiOiJjaGFlcnVsbWFyd2FuMjAiLCJlbWFpbCI6ImNoYWVydWxtYXJ3YW4yMEBnbWFpbC5jb20iLCJmaXJzdE5hbWUiOiJDaGFlcnVsIiwibGFzdE5hbWUiOiJNYXJ3YW4iLCJmdWxsTmFtZSI6IkNoYWVydWwgTWFyd2FuIiwicGhvbmVOdW1iZXIiOiIwODEyMjQ2ODU1MDIiLCJpYXQiOjE2MTkyNTgzODQsImV4cCI6MTYxOTM0NDc4NH0.-YGoSHRr8Q9q9ShpoO0CDqQGGm9Pp2JlVLMbMx57Sj4', '192.168.43.107', '2021-04-24 09:59:44', '2021-04-24 09:59:44'),
(87, 1, 'eyJhbGciOiJIUzI1NiIsInR5cCI6IkpXVCJ9.eyJpZCI6MSwidXNlcm5hbWUiOiJjaGFlcnVsbWFyd2FuMjAiLCJlbWFpbCI6ImNoYWVydWxtYXJ3YW4yMEBnbWFpbC5jb20iLCJmaXJzdE5hbWUiOiJDaGFlcnVsIiwibGFzdE5hbWUiOiJNYXJ3YW4iLCJmdWxsTmFtZSI6IkNoYWVydWwgTWFyd2FuIiwicGhvbmVOdW1iZXIiOiIwODEyMjQ2ODU1MDIiLCJpYXQiOjE2MTkyNzcxMjAsImV4cCI6MTYxOTM2MzUyMH0.drLLIFQzFB3lyMlLXiosPGKCDzLku5xhosqlB8Ph0Zo', '192.168.43.107', '2021-04-24 15:12:00', '2021-04-24 15:12:00'),
(90, 1, 'eyJhbGciOiJIUzI1NiIsInR5cCI6IkpXVCJ9.eyJpZCI6MSwidXNlcm5hbWUiOiJjaGFlcnVsbWFyd2FuMjAiLCJlbWFpbCI6ImNoYWVydWxtYXJ3YW4yMEBnbWFpbC5jb20iLCJmaXJzdE5hbWUiOiJDaGFlcnVsIiwibGFzdE5hbWUiOiJNYXJ3YW4iLCJmdWxsTmFtZSI6IkNoYWVydWwgTWFyd2FuIiwicGhvbmVOdW1iZXIiOiIwODEyMjQ2ODU1MDIiLCJpYXQiOjE2MTkyODE5MDIsImV4cCI6MTYxOTM2ODMwMn0.a6X4nZmuRmM02Nc6mL1SKTzFuC4xUyBfbF_I1ZgkeIE', '192.168.43.107', '2021-04-24 16:31:42', '2021-04-24 16:31:42'),
(91, 1, 'eyJhbGciOiJIUzI1NiIsInR5cCI6IkpXVCJ9.eyJpZCI6MSwidXNlcm5hbWUiOiJjaGFlcnVsbWFyd2FuMjAiLCJlbWFpbCI6ImNoYWVydWxtYXJ3YW4yMEBnbWFpbC5jb20iLCJmaXJzdE5hbWUiOiJDaGFlcnVsIiwibGFzdE5hbWUiOiJNYXJ3YW4iLCJmdWxsTmFtZSI6IkNoYWVydWwgTWFyd2FuIiwicGhvbmVOdW1iZXIiOiIwODEyMjQ2ODU1MDIiLCJpYXQiOjE2MTkyODIwNDYsImV4cCI6MTYxOTM2ODQ0Nn0.ahPe5Y1zP_ZtFXNSYyYvv4h_gbazhVA780CrlWJ8c7A', '192.168.43.107', '2021-04-24 16:34:06', '2021-04-24 16:34:06'),
(93, 1, 'eyJhbGciOiJIUzI1NiIsInR5cCI6IkpXVCJ9.eyJpZCI6MSwidXNlcm5hbWUiOiJjaGFlcnVsbWFyd2FuMjAiLCJlbWFpbCI6ImNoYWVydWxtYXJ3YW4yMEBnbWFpbC5jb20iLCJmaXJzdE5hbWUiOiJDaGFlcnVsIiwibGFzdE5hbWUiOiJNYXJ3YW4iLCJmdWxsTmFtZSI6IkNoYWVydWwgTWFyd2FuIiwicGhvbmVOdW1iZXIiOiIwODEyMjQ2ODU1MDIiLCJpYXQiOjE2MTkyODI1NjIsImV4cCI6MTYxOTM2ODk2Mn0.Vl01jzgIK-TOAj04_mX-vT5uU7KM8Y8zYnGrx2krzbs', '192.168.43.107', '2021-04-24 16:42:42', '2021-04-24 16:42:42'),
(94, 1, 'eyJhbGciOiJIUzI1NiIsInR5cCI6IkpXVCJ9.eyJpZCI6MSwidXNlcm5hbWUiOiJjaGFlcnVsbWFyd2FuMjAiLCJlbWFpbCI6ImNoYWVydWxtYXJ3YW4yMEBnbWFpbC5jb20iLCJmaXJzdE5hbWUiOiJDaGFlcnVsIiwibGFzdE5hbWUiOiJNYXJ3YW4iLCJmdWxsTmFtZSI6IkNoYWVydWwgTWFyd2FuIiwicGhvbmVOdW1iZXIiOiIwODEyMjQ2ODU1MDIiLCJpYXQiOjE2MTkzMjU4MzYsImV4cCI6MTYxOTQxMjIzNn0.X6YnH27puednmYtE7pRiXBt5unY0_AcLmYiPq-FsrWI', '192.168.43.107', '2021-04-25 04:43:56', '2021-04-25 04:43:56'),
(95, 1, 'eyJhbGciOiJIUzI1NiIsInR5cCI6IkpXVCJ9.eyJpZCI6MSwidXNlcm5hbWUiOiJjaGFlcnVsbWFyd2FuMjAiLCJlbWFpbCI6ImNoYWVydWxtYXJ3YW4yMEBnbWFpbC5jb20iLCJmaXJzdE5hbWUiOiJDaGFlcnVsIiwibGFzdE5hbWUiOiJNYXJ3YW4iLCJmdWxsTmFtZSI6IkNoYWVydWwgTWFyd2FuIiwicGhvbmVOdW1iZXIiOiIwODEyMjQ2ODU1MDIiLCJpYXQiOjE2MTkzMjk4MjMsImV4cCI6MTYxOTQxNjIyM30.VjZ-FcAwfLtUzTrqSx-zIaJPjXiQoYztHm74qhQDMsU', '192.168.43.107', '2021-04-25 05:50:23', '2021-04-25 05:50:23'),
(96, 1, 'eyJhbGciOiJIUzI1NiIsInR5cCI6IkpXVCJ9.eyJpZCI6MSwidXNlcm5hbWUiOiJjaGFlcnVsbWFyd2FuMjAiLCJlbWFpbCI6ImNoYWVydWxtYXJ3YW4yMEBnbWFpbC5jb20iLCJmaXJzdE5hbWUiOiJDaGFlcnVsIiwibGFzdE5hbWUiOiJNYXJ3YW4iLCJmdWxsTmFtZSI6IkNoYWVydWwgTWFyd2FuIiwicGhvbmVOdW1iZXIiOiIwODEyMjQ2ODU1MDIiLCJpYXQiOjE2MTkzNDI1MzQsImV4cCI6MTYxOTQyODkzNH0.r8s_shU6HAj4su-yUfu0s4f5sEVgWDUCG-vVwsIKqwY', '192.168.43.107', '2021-04-25 09:22:14', '2021-04-25 09:22:14'),
(97, 1, 'eyJhbGciOiJIUzI1NiIsInR5cCI6IkpXVCJ9.eyJpZCI6MSwidXNlcm5hbWUiOiJjaGFlcnVsbWFyd2FuMjAiLCJlbWFpbCI6ImNoYWVydWxtYXJ3YW4yMEBnbWFpbC5jb20iLCJmaXJzdE5hbWUiOiJDaGFlcnVsIiwibGFzdE5hbWUiOiJNYXJ3YW4iLCJmdWxsTmFtZSI6IkNoYWVydWwgTWFyd2FuIiwicGhvbmVOdW1iZXIiOiIwODEyMjQ2ODU1MDIiLCJpYXQiOjE2MTkzNDQ2MzgsImV4cCI6MTYxOTQzMTAzOH0.orSaZjjd46z8CFji09GZe-tpqxsYNzW0XKe3OmTNk6U', '192.168.43.107', '2021-04-25 09:57:18', '2021-04-25 09:57:18'),
(98, 1, 'eyJhbGciOiJIUzI1NiIsInR5cCI6IkpXVCJ9.eyJpZCI6MSwidXNlcm5hbWUiOiJjaGFlcnVsbWFyd2FuMjAiLCJlbWFpbCI6ImNoYWVydWxtYXJ3YW4yMEBnbWFpbC5jb20iLCJmaXJzdE5hbWUiOiJDaGFlcnVsIiwibGFzdE5hbWUiOiJNYXJ3YW4iLCJmdWxsTmFtZSI6IkNoYWVydWwgTWFyd2FuIiwicGhvbmVOdW1iZXIiOiIwODEyMjQ2ODU1MDIiLCJpYXQiOjE2MTk0MDQzMjYsImV4cCI6MTYxOTQ5MDcyNn0.s-wT-Eap452lIIExe7EX9SHA-eGppXwro7XwyxmkpFQ', '192.168.43.107', '2021-04-26 02:32:06', '2021-04-26 02:32:06'),
(100, 1, 'eyJhbGciOiJIUzI1NiIsInR5cCI6IkpXVCJ9.eyJpZCI6MSwidXNlcm5hbWUiOiJjaGFlcnVsbWFyd2FuMjAiLCJlbWFpbCI6ImNoYWVydWxtYXJ3YW4yMEBnbWFpbC5jb20iLCJmaXJzdE5hbWUiOiJDaGFlcnVsIiwibGFzdE5hbWUiOiJNYXJ3YW4iLCJmdWxsTmFtZSI6IkNoYWVydWwgTWFyd2FuIiwicGhvbmVOdW1iZXIiOiIwODEyMjQ2ODU1MDIiLCJpYXQiOjE2MTk0MjAzNTQsImV4cCI6MTYxOTUwNjc1NH0.Jtihe69_XDcTgMDCvqgtSFEOUv9E3JtMDNwYqHADM1k', '192.168.43.107', '2021-04-26 06:59:14', '2021-04-26 06:59:14'),
(101, 1, 'eyJhbGciOiJIUzI1NiIsInR5cCI6IkpXVCJ9.eyJpZCI6MSwidXNlcm5hbWUiOiJjaGFlcnVsbWFyd2FuMjAiLCJlbWFpbCI6ImNoYWVydWxtYXJ3YW4yMEBnbWFpbC5jb20iLCJmaXJzdE5hbWUiOiJDaGFlcnVsIiwibGFzdE5hbWUiOiJNYXJ3YW4iLCJmdWxsTmFtZSI6IkNoYWVydWwgTWFyd2FuIiwicGhvbmVOdW1iZXIiOiIwODEyMjQ2ODU1MDIiLCJpYXQiOjE2MTk0Mjc3NjcsImV4cCI6MTYxOTUxNDE2N30.SFaJv-PUsSxJ2XVO_xz0-Vpx8HbE3C2by_kPjupgSVM', '192.168.43.107', '2021-04-26 09:02:47', '2021-04-26 09:02:47'),
(102, 1, 'eyJhbGciOiJIUzI1NiIsInR5cCI6IkpXVCJ9.eyJpZCI6MSwidXNlcm5hbWUiOiJjaGFlcnVsbWFyd2FuMjAiLCJlbWFpbCI6ImNoYWVydWxtYXJ3YW4yMEBnbWFpbC5jb20iLCJmaXJzdE5hbWUiOiJDaGFlcnVsIiwibGFzdE5hbWUiOiJNYXJ3YW4iLCJmdWxsTmFtZSI6IkNoYWVydWwgTWFyd2FuIiwicGhvbmVOdW1iZXIiOiIwODEyMjQ2ODU1MDIiLCJpYXQiOjE2MTk0MzAyOTcsImV4cCI6MTYxOTUxNjY5N30.4OnrTnX-5qcCTgQWY-lMK6SqgGmfdbCrD-PJL9_mDco', '192.168.43.107', '2021-04-26 09:44:57', '2021-04-26 09:44:57'),
(103, 1, 'eyJhbGciOiJIUzI1NiIsInR5cCI6IkpXVCJ9.eyJpZCI6MSwidXNlcm5hbWUiOiJjaGFlcnVsbWFyd2FuMjAiLCJlbWFpbCI6ImNoYWVydWxtYXJ3YW4yMEBnbWFpbC5jb20iLCJmaXJzdE5hbWUiOiJDaGFlcnVsIiwibGFzdE5hbWUiOiJNYXJ3YW4iLCJmdWxsTmFtZSI6IkNoYWVydWwgTWFyd2FuIiwicGhvbmVOdW1iZXIiOiIwODEyMjQ2ODU1MDIiLCJpYXQiOjE2MTk5OTI0ODQsImV4cCI6MTYyMDA3ODg4NH0.28xYAnBF4lOanYxnOKjy5hLP0mB0Gq_ZMUw93WvR6W4', '192.168.43.107', '2021-05-02 21:54:44', '2021-05-02 21:54:44'),
(104, 1, 'eyJhbGciOiJIUzI1NiIsInR5cCI6IkpXVCJ9.eyJpZCI6MSwidXNlcm5hbWUiOiJjaGFlcnVsbWFyd2FuMjAiLCJlbWFpbCI6ImNoYWVydWxtYXJ3YW4yMEBnbWFpbC5jb20iLCJmaXJzdE5hbWUiOiJDaGFlcnVsIiwibGFzdE5hbWUiOiJNYXJ3YW4iLCJmdWxsTmFtZSI6IkNoYWVydWwgTWFyd2FuIiwicGhvbmVOdW1iZXIiOiIwODEyMjQ2ODU1MDIiLCJpYXQiOjE2MjA3Mzg1OTAsImV4cCI6MTYyMDgyNDk5MH0.5rBX038ebMdOuf7Cs3PFZVmJFMPjlbNwWMt31BsAerg', '192.168.43.107', '2021-05-11 13:09:50', '2021-05-11 13:09:50'),
(105, 1, 'eyJhbGciOiJIUzI1NiIsInR5cCI6IkpXVCJ9.eyJpZCI6MSwidXNlcm5hbWUiOiJjaGFlcnVsbWFyd2FuMjAiLCJlbWFpbCI6ImNoYWVydWxtYXJ3YW4yMEBnbWFpbC5jb20iLCJmaXJzdE5hbWUiOiJDaGFlcnVsIiwibGFzdE5hbWUiOiJNYXJ3YW4iLCJmdWxsTmFtZSI6IkNoYWVydWwgTWFyd2FuIiwicGhvbmVOdW1iZXIiOiIwODEyMjQ2ODU1MDIiLCJpYXQiOjE2MjA3MzkwNTcsImV4cCI6MTYyMDgyNTQ1N30._qCOLll_y4SlpiYPsOwoF6ieqXtIybUoxmizRLdNKxs', '192.168.43.107', '2021-05-11 13:17:37', '2021-05-11 13:17:37'),
(106, 1, 'eyJhbGciOiJIUzI1NiIsInR5cCI6IkpXVCJ9.eyJpZCI6MSwidXNlcm5hbWUiOiJjaGFlcnVsbWFyd2FuMjAiLCJlbWFpbCI6ImNoYWVydWxtYXJ3YW4yMEBnbWFpbC5jb20iLCJmaXJzdE5hbWUiOiJDaGFlcnVsIiwibGFzdE5hbWUiOiJNYXJ3YW4iLCJmdWxsTmFtZSI6IkNoYWVydWwgTWFyd2FuIiwicGhvbmVOdW1iZXIiOiIwODEyMjQ2ODU1MDIiLCJpYXQiOjE2MjA3NDM1NDYsImV4cCI6MTYyMDgyOTk0Nn0.r1wUO8Pqc6M60kLXBgOviMDLeg12oIrD-6vP5J78_C0', '192.168.43.107', '2021-05-11 14:32:26', '2021-05-11 14:32:26'),
(108, 1, 'eyJhbGciOiJIUzI1NiIsInR5cCI6IkpXVCJ9.eyJpZCI6MSwidXNlcm5hbWUiOiJjaGFlcnVsbWFyd2FuMjAiLCJlbWFpbCI6ImNoYWVydWxtYXJ3YW4yMEBnbWFpbC5jb20iLCJmaXJzdE5hbWUiOiJDaGFlcnVsIiwibGFzdE5hbWUiOiJNYXJ3YW4iLCJmdWxsTmFtZSI6IkNoYWVydWwgTWFyd2FuIiwicGhvbmVOdW1iZXIiOiIwODEyMjQ2ODU1MDIiLCJpYXQiOjE2MjA5MDY5MTUsImV4cCI6MTYyMDk5MzMxNX0.A9lZUgwWOucQHkjh2wF0TScXzIUJ4o5oGK3WhTBRZGQ', '192.168.43.107', '2021-05-13 11:55:15', '2021-05-13 11:55:15'),
(109, 1, 'eyJhbGciOiJIUzI1NiIsInR5cCI6IkpXVCJ9.eyJpZCI6MSwidXNlcm5hbWUiOiJjaGFlcnVsbWFyd2FuMjAiLCJlbWFpbCI6ImNoYWVydWxtYXJ3YW4yMEBnbWFpbC5jb20iLCJmaXJzdE5hbWUiOiJDaGFlcnVsIiwibGFzdE5hbWUiOiJNYXJ3YW4iLCJmdWxsTmFtZSI6IkNoYWVydWwgTWFyd2FuIiwicGhvbmVOdW1iZXIiOiIwODEyMjQ2ODU1MDIiLCJpYXQiOjE2MjA5MTAxODgsImV4cCI6MTYyMDk5NjU4OH0.GYdNRoe3nY4w34dgvEr4-SQtH-UH49cXkXGC9Jacotk', '192.168.43.107', '2021-05-13 12:49:48', '2021-05-13 12:49:48'),
(110, 29, 'eyJhbGciOiJIUzI1NiIsInR5cCI6IkpXVCJ9.eyJpZCI6MjksInVzZXJuYW1lIjoiQm9oZGFuIiwiZW1haWwiOiJkZXZlbG9wZXJib2hkYW4wQGdtYWlsLmNvbSIsImZpcnN0TmFtZSI6ImZpcnN0TmFtZSIsImxhc3ROYW1lIjoibGFzdE5hbWUiLCJmdWxsTmFtZSI6ImZpcnN0TmFtZSBsYXN0TmFtZSIsInBob25lTnVtYmVyIjoiMDAwMDAwMDAwMDAwIiwiaWF0IjoxNjIwOTExNTI5LCJleHAiOjE2MjA5OTc5Mjl9.IlrOPCHeLC0u0ooPzb88UgntnoWadQaXVLz_HX9_RgA', '192.168.43.107', '2021-05-13 13:12:09', '2021-05-13 13:12:09'),
(111, 29, 'eyJhbGciOiJIUzI1NiIsInR5cCI6IkpXVCJ9.eyJpZCI6MjksInVzZXJuYW1lIjoiQm9oZGFuIiwiZW1haWwiOiJkZXZlbG9wZXJib2hkYW4wQGdtYWlsLmNvbSIsImZpcnN0TmFtZSI6ImZpcnN0TmFtZSIsImxhc3ROYW1lIjoibGFzdE5hbWUiLCJmdWxsTmFtZSI6ImZpcnN0TmFtZSBsYXN0TmFtZSIsInBob25lTnVtYmVyIjoiMDAwMDAwMDAwMDAwIiwiaWF0IjoxNjIwOTExNjE2LCJleHAiOjE2MjA5OTgwMTZ9.oNhZUJP8FOQxh2rIBpQgVFSB4hZv4PoXpE2mMoxkCdY', '192.168.43.107', '2021-05-13 13:13:36', '2021-05-13 13:13:36'),
(112, 29, 'eyJhbGciOiJIUzI1NiIsInR5cCI6IkpXVCJ9.eyJpZCI6MjksInVzZXJuYW1lIjoiQm9oZGFuIiwiZW1haWwiOiJkZXZlbG9wZXJib2hkYW4wQGdtYWlsLmNvbSIsImZpcnN0TmFtZSI6ImZpcnN0TmFtZSIsImxhc3ROYW1lIjoibGFzdE5hbWUiLCJmdWxsTmFtZSI6ImZpcnN0TmFtZSBsYXN0TmFtZSIsInBob25lTnVtYmVyIjoiMDAwMDAwMDAwMDAwIiwiaWF0IjoxNjIwOTExNjQwLCJleHAiOjE2MjA5OTgwNDB9.33ocf2JWoDt-VEuF8pyw26PdAS9qNcI6a5FV1XBmp5k', '192.168.43.107', '2021-05-13 13:14:00', '2021-05-13 13:14:00'),
(113, 29, 'eyJhbGciOiJIUzI1NiIsInR5cCI6IkpXVCJ9.eyJpZCI6MjksInVzZXJuYW1lIjoiQm9oZGFuIiwiZW1haWwiOiJkZXZlbG9wZXJib2hkYW4wQGdtYWlsLmNvbSIsImZpcnN0TmFtZSI6ImZpcnN0TmFtZSIsImxhc3ROYW1lIjoibGFzdE5hbWUiLCJmdWxsTmFtZSI6ImZpcnN0TmFtZSBsYXN0TmFtZSIsInBob25lTnVtYmVyIjoiMDAwMDAwMDAwMDAwIiwiaWF0IjoxNjIwOTExNzA0LCJleHAiOjE2MjA5OTgxMDR9.vgbVjpWDTAY-0z1MwkB8Ms11TfIB9YO9pxIA758rGy8', '192.168.43.107', '2021-05-13 13:15:04', '2021-05-13 13:15:04'),
(114, 29, 'eyJhbGciOiJIUzI1NiIsInR5cCI6IkpXVCJ9.eyJpZCI6MjksInVzZXJuYW1lIjoiQm9oZGFuIiwiZW1haWwiOiJkZXZlbG9wZXJib2hkYW4wQGdtYWlsLmNvbSIsImZpcnN0TmFtZSI6ImZpcnN0TmFtZSIsImxhc3ROYW1lIjoibGFzdE5hbWUiLCJmdWxsTmFtZSI6ImZpcnN0TmFtZSBsYXN0TmFtZSIsInBob25lTnVtYmVyIjoiMDAwMDAwMDAwMDAwIiwiaWF0IjoxNjIwOTEyMTg2LCJleHAiOjE2MjA5OTg1ODZ9.WcKoANPbi322cswsdBCu3q4WChLiEv1NzXGUNALso1k', '192.168.43.107', '2021-05-13 13:23:06', '2021-05-13 13:23:06'),
(115, 29, 'eyJhbGciOiJIUzI1NiIsInR5cCI6IkpXVCJ9.eyJpZCI6MjksInVzZXJuYW1lIjoiQm9oZGFuIiwiZW1haWwiOiJkZXZlbG9wZXJib2hkYW4wQGdtYWlsLmNvbSIsImZpcnN0TmFtZSI6ImZpcnN0TmFtZSIsImxhc3ROYW1lIjoibGFzdE5hbWUiLCJmdWxsTmFtZSI6ImZpcnN0TmFtZSBsYXN0TmFtZSIsInBob25lTnVtYmVyIjoiMDAwMDAwMDAwMDAwIiwiaWF0IjoxNjIwOTEyNTE3LCJleHAiOjE2MjA5OTg5MTd9.xASzENAB6uBqT9LsEhoMI_KH0SA43jZXjdH47fgE7G4', '192.168.43.107', '2021-05-13 13:28:37', '2021-05-13 13:28:37'),
(116, 29, 'eyJhbGciOiJIUzI1NiIsInR5cCI6IkpXVCJ9.eyJpZCI6MjksInVzZXJuYW1lIjoiQm9oZGFuIiwiZW1haWwiOiJkZXZlbG9wZXJib2hkYW4wQGdtYWlsLmNvbSIsImZpcnN0TmFtZSI6ImZpcnN0TmFtZSIsImxhc3ROYW1lIjoibGFzdE5hbWUiLCJmdWxsTmFtZSI6ImZpcnN0TmFtZSBsYXN0TmFtZSIsInBob25lTnVtYmVyIjoiMDAwMDAwMDAwMDAwIiwiaWF0IjoxNjIwOTEyNTM2LCJleHAiOjE2MjA5OTg5MzZ9.WQSpyHmjeWtwCOacxDYYDhYSE7pi_t49AQi-TqDl1Zg', '192.168.43.107', '2021-05-13 13:28:56', '2021-05-13 13:28:56'),
(117, 1, 'eyJhbGciOiJIUzI1NiIsInR5cCI6IkpXVCJ9.eyJpZCI6MSwidXNlcm5hbWUiOiJjaGFlcnVsbWFyd2FuMjAiLCJlbWFpbCI6ImNoYWVydWxtYXJ3YW4yMEBnbWFpbC5jb20iLCJmaXJzdE5hbWUiOiJDaGFlcnVsIiwibGFzdE5hbWUiOiJNYXJ3YW4iLCJmdWxsTmFtZSI6IkNoYWVydWwgTWFyd2FuIiwicGhvbmVOdW1iZXIiOiIwODEyMjQ2ODU1MDIiLCJpYXQiOjE2MjA5MTM3NjYsImV4cCI6MTYyMTAwMDE2Nn0.FBMZxV1-J2OSutQXM_HCxyYKmDlhOHMn8n_vfcUJoos', '192.168.43.107', '2021-05-13 13:49:26', '2021-05-13 13:49:26');

-- --------------------------------------------------------

--
-- Struktur dari tabel `details`
--

CREATE TABLE `details` (
  `id` int(11) NOT NULL,
  `idUser` int(11) NOT NULL,
  `idReceiver` int(11) NOT NULL,
  `amount` int(11) NOT NULL,
  `balanceLeft` int(11) NOT NULL,
  `date` datetime NOT NULL,
  `notes` varchar(255) NOT NULL,
  `createdAt` timestamp NOT NULL DEFAULT current_timestamp(),
  `updatedAt` timestamp NOT NULL DEFAULT current_timestamp() ON UPDATE current_timestamp()
) ENGINE=InnoDB DEFAULT CHARSET=utf8mb4;

--
-- Dumping data untuk tabel `details`
--

INSERT INTO `details` (`id`, `idUser`, `idReceiver`, `amount`, `balanceLeft`, `date`, `notes`, `createdAt`, `updatedAt`) VALUES
(6, 5, 6, 50000, 50000, '2021-04-19 13:50:37', 'buat beli baju', '2021-04-19 06:50:37', '2021-04-19 06:50:37'),
(7, 5, 1, 20000, 30000, '2021-04-19 13:52:49', 'tes', '2021-04-19 06:52:49', '2021-04-19 06:52:49'),
(8, 1, 6, 500000, 1050000, '2021-04-22 10:45:07', 'Buat jajan', '2021-04-22 03:45:07', '2021-04-22 03:45:07'),
(9, 1, 6, 100000, 1100000, '2021-04-22 19:53:09', 'buat beli kinder joy', '2021-04-22 12:53:09', '2021-04-22 12:53:09'),
(10, 1, 6, 50000, 3400000, '2021-04-23 16:21:13', 'buat beli kinder joy', '2021-04-23 09:21:13', '2021-04-23 09:21:13'),
(11, 6, 1, 100000, 900000, '2021-04-23 17:34:07', 'buat beli kuota', '2021-04-23 10:34:07', '2021-04-23 10:34:07'),
(12, 1, 7, 500000, 3000000, '2021-04-23 21:13:22', 'buat bayar listrik', '2021-04-23 14:13:22', '2021-04-23 14:13:22'),
(13, 1, 7, 1000000, 2000000, '2021-04-23 22:19:56', 'buat belanja bulanan', '2021-04-23 15:19:56', '2021-04-23 15:19:56'),
(14, 22, 8, 100000, 400000, '2021-04-24 13:16:31', 'Buat beli kinder joy', '2021-04-24 06:16:31', '2021-04-24 06:16:31'),
(15, 1, 22, 50000, 1950000, '2021-04-24 13:53:31', 'buat beli celana', '2021-04-24 06:53:31', '2021-04-24 06:53:31'),
(16, 22, 5, 100000, 400000, '2021-04-24 16:32:27', 'buat beli boba', '2021-04-24 09:32:27', '2021-04-24 09:32:27'),
(17, 22, 1, 100000, 400000, '2021-04-24 21:21:24', 'buat cek responsive', '2021-04-24 14:21:24', '2021-04-24 14:21:24'),
(18, 1, 9, 50000, 2000000, '2021-04-24 23:11:01', 'buat beli lipstick', '2021-04-24 16:11:01', '2021-04-24 16:11:01'),
(19, 24, 1, 50000, 200000, '2021-04-24 23:17:05', 'Tes transfer', '2021-04-24 16:17:05', '2021-04-24 16:17:05'),
(20, 24, 6, 50000, 150000, '2021-04-24 23:17:30', 'Coba', '2021-04-24 16:17:30', '2021-04-24 16:17:30'),
(21, 24, 5, 50000, 100000, '2021-04-24 23:20:17', 'buat beli baju', '2021-04-24 16:20:17', '2021-04-24 16:20:17'),
(22, 1, 6, 50000, 2000000, '2021-04-24 23:21:36', 'Tes', '2021-04-24 16:21:36', '2021-04-24 16:21:36'),
(23, 24, 1, 50000, 100000, '2021-04-24 23:28:42', 'buat beli baju', '2021-04-24 16:28:42', '2021-04-24 16:28:42'),
(24, 1, 6, 50000, 2050000, '2021-04-25 11:45:34', 'untuk beli shampo', '2021-04-25 04:45:34', '2021-04-25 04:45:34'),
(25, 26, 6, 50000, 50000, '2021-04-26 13:57:00', 'buat beli kinder joy', '2021-04-26 06:57:00', '2021-04-26 06:57:00'),
(26, 1, 5, 50000, 2200000, '2021-05-11 20:39:01', 'To buy clothes', '2021-05-11 13:39:01', '2021-05-11 13:39:01'),
(27, 1, 10, 200000, 2500000, '2021-05-11 21:16:49', 'To buy clothes', '2021-05-11 14:16:49', '2021-05-11 14:16:49'),
(30, 1, 5, 500000, 2000000, '2021-05-13 19:06:19', 'To buy clothes', '2021-05-13 12:06:19', '2021-05-13 12:06:19');

-- --------------------------------------------------------

--
-- Struktur dari tabel `payments`
--

CREATE TABLE `payments` (
  `id` int(11) NOT NULL,
  `name` varchar(100) NOT NULL,
  `image` varchar(255) NOT NULL,
  `createdAt` timestamp NOT NULL DEFAULT current_timestamp(),
  `updatedAt` timestamp NOT NULL DEFAULT current_timestamp() ON UPDATE current_timestamp()
) ENGINE=InnoDB DEFAULT CHARSET=utf8mb4;

--
-- Dumping data untuk tabel `payments`
--

INSERT INTO `payments` (`id`, `name`, `image`, `createdAt`, `updatedAt`) VALUES
(14, 'Gopay', 'images\\gopay.jpg', '2021-04-22 02:16:19', '2021-04-22 14:30:44'),
(15, 'Paypal', 'images\\paypal.png', '2021-04-22 02:16:19', '2021-04-22 03:11:16'),
(16, 'Dana', 'images\\dana.png', '2021-04-22 02:16:19', '2021-04-22 14:36:51'),
(19, 'Ovo', 'images\\ovo.jpg', '2021-04-22 02:16:19', '2021-04-22 14:30:57');

-- --------------------------------------------------------

--
-- Struktur dari tabel `transactions`
--

CREATE TABLE `transactions` (
  `id` int(11) NOT NULL,
  `idUser` int(11) NOT NULL,
  `date` datetime DEFAULT current_timestamp(),
  `idReceiver` int(11) NOT NULL,
  `amount` int(11) NOT NULL,
  `notes` varchar(255) NOT NULL,
  `type` enum('Top Up','Transfer','Receive') NOT NULL,
  `status` enum('Success','Failed') NOT NULL,
  `createdAt` timestamp NOT NULL DEFAULT current_timestamp(),
  `updatedAt` timestamp NOT NULL DEFAULT current_timestamp() ON UPDATE current_timestamp()
) ENGINE=InnoDB DEFAULT CHARSET=utf8mb4;

--
-- Dumping data untuk tabel `transactions`
--

INSERT INTO `transactions` (`id`, `idUser`, `date`, `idReceiver`, `amount`, `notes`, `type`, `status`, `createdAt`, `updatedAt`) VALUES
(59, 5, '2021-04-19 14:54:23', 4, 50000, 'Buat jajan', 'Transfer', 'Success', '2021-04-18 07:54:23', '2021-04-21 10:41:38'),
(60, 5, '2021-04-07 14:54:23', 1, 200000, 'Buat beli kinder joy', 'Receive', 'Success', '2021-04-18 07:54:23', '2021-04-21 10:41:58'),
(61, 5, '2021-04-22 14:55:15', 6, 500000, 'Buat pasang kawat gigi', 'Receive', 'Success', '2021-04-18 07:55:15', '2021-04-18 21:49:47'),
(62, 5, '2021-04-30 14:55:15', 7, 450000, 'Buat beli celana', 'Transfer', 'Success', '2021-04-18 07:55:15', '2021-04-18 21:49:35'),
(63, 5, '2021-04-16 14:56:04', 8, 400000, 'Buat beli ice cream', 'Transfer', 'Success', '2021-04-18 07:56:04', '2021-04-18 21:49:31'),
(64, 5, '2021-04-14 14:56:04', 10, 150000, 'Buat beli baju', 'Transfer', 'Success', '2021-04-18 07:56:04', '2021-04-18 21:53:46'),
(65, 5, '2021-04-11 14:56:53', 9, 50000, 'Buat beli permen', 'Receive', 'Success', '2021-04-18 07:56:53', '2021-04-18 21:47:33'),
(66, 5, '2021-04-18 14:56:53', 12, 350000, 'Buat beli tas', 'Top Up', 'Success', '2021-04-18 07:56:53', '2021-04-22 03:30:33'),
(67, 5, '2021-04-19 13:51:01', 6, 50000, 'buat beli baju', 'Transfer', 'Success', '2021-04-19 06:51:01', '2021-04-19 06:51:01'),
(68, 6, '2021-04-19 13:51:01', 5, 50000, 'buat beli baju', 'Receive', 'Success', '2021-04-19 06:51:01', '2021-04-19 06:51:01'),
(73, 1, '2021-04-22 10:16:13', 12, 50000, 'Top Up from Google Pay', 'Top Up', 'Success', '2021-04-22 03:16:13', '2021-04-22 03:16:50'),
(74, 1, '2021-04-22 10:17:37', 12, 50000, 'Top up from Google Pay', 'Top Up', 'Success', '2021-04-22 03:17:37', '2021-04-22 03:17:37'),
(75, 1, '2021-04-22 10:46:39', 6, 500000, 'Buat jajan', 'Transfer', 'Success', '2021-04-22 03:46:39', '2021-04-22 03:46:39'),
(76, 6, '2021-04-22 10:46:39', 1, 500000, 'Buat jajan', 'Receive', 'Success', '2021-04-22 03:46:39', '2021-04-22 03:46:39'),
(77, 1, '2021-04-22 11:38:50', 16, 50000, 'Top up from Dana', 'Top Up', 'Success', '2021-04-22 04:38:50', '2021-04-22 04:38:50'),
(78, 1, '2021-04-22 19:43:06', 19, 100000, 'Top up from Ovo', 'Top Up', 'Success', '2021-04-22 12:43:06', '2021-04-22 12:43:06'),
(79, 1, '2021-04-22 19:53:25', 6, 100000, 'buat beli kinder joy', 'Transfer', 'Success', '2021-04-22 12:53:25', '2021-04-22 12:53:25'),
(80, 6, '2021-04-22 19:53:25', 1, 100000, 'buat beli kinder joy', 'Receive', 'Success', '2021-04-22 12:53:25', '2021-04-22 12:53:25'),
(81, 1, '2021-04-22 20:14:25', 14, 250000, 'Top up from Gopay', 'Top Up', 'Success', '2021-04-22 13:14:25', '2021-04-22 13:14:25'),
(82, 1, '2021-04-22 21:25:16', 15, 250000, 'Top up from Paypal', 'Top Up', 'Success', '2021-04-22 14:25:16', '2021-04-22 14:25:16'),
(83, 1, '2021-04-22 21:25:19', 13, 1000000, 'Top up from VISA', 'Top Up', 'Success', '2021-04-22 14:25:19', '2021-04-22 14:25:19'),
(84, 1, '2021-04-22 21:25:23', 17, 500000, 'Top up from BCA E-Banking', 'Top Up', 'Success', '2021-04-22 14:25:23', '2021-04-22 14:25:23'),
(85, 1, '2021-04-22 21:25:26', 18, 250000, 'Top up from BRI E-Banking', 'Top Up', 'Success', '2021-04-22 14:25:26', '2021-04-22 14:25:26'),
(86, 1, '2021-04-23 14:43:38', 14, 100000, 'Top up from Gopay', 'Top Up', 'Success', '2021-04-23 07:43:38', '2021-04-23 07:43:38'),
(87, 1, '2021-04-23 16:23:16', 6, 50000, 'buat beli kinder joy', 'Transfer', 'Success', '2021-04-23 09:23:16', '2021-04-23 09:23:16'),
(88, 6, '2021-04-23 16:23:16', 1, 50000, 'buat beli kinder joy', 'Receive', 'Success', '2021-04-23 09:23:16', '2021-04-23 09:23:16'),
(89, 6, '2021-04-23 17:06:24', 14, 100000, 'Top up from Gopay', 'Top Up', 'Success', '2021-04-23 10:06:24', '2021-04-23 10:06:24'),
(90, 6, '2021-04-23 17:06:39', 15, 100000, 'Top up from Paypal', 'Top Up', 'Success', '2021-04-23 10:06:39', '2021-04-23 10:06:39'),
(91, 6, '2021-04-23 17:34:22', 1, 100000, 'buat beli kuota', 'Transfer', 'Success', '2021-04-23 10:34:22', '2021-04-23 10:34:22'),
(92, 1, '2021-04-23 17:34:22', 6, 100000, 'buat beli kuota', 'Receive', 'Success', '2021-04-23 10:34:22', '2021-04-23 10:34:22'),
(93, 1, '2021-04-23 21:13:41', 7, 500000, 'buat bayar listrik', 'Transfer', 'Success', '2021-04-23 14:13:41', '2021-04-23 14:13:41'),
(94, 7, '2021-04-23 21:13:41', 1, 500000, 'buat bayar listrik', 'Receive', 'Success', '2021-04-23 14:13:41', '2021-04-23 14:13:41'),
(95, 1, '2021-04-23 22:20:08', 7, 1000000, 'buat belanja bulanan', 'Transfer', 'Success', '2021-04-23 15:20:08', '2021-04-23 15:20:08'),
(96, 7, '2021-04-23 22:20:08', 1, 1000000, 'buat belanja bulanan', 'Receive', 'Success', '2021-04-23 15:20:08', '2021-04-23 15:20:08'),
(97, 22, '2021-04-24 11:13:02', 14, 500000, 'Top up from Gopay', 'Top Up', 'Success', '2021-04-24 04:13:02', '2021-04-24 04:13:02'),
(98, 22, '2021-04-24 13:16:47', 8, 100000, 'Buat beli kinder joy', 'Transfer', 'Success', '2021-04-24 06:16:47', '2021-04-24 06:16:47'),
(99, 8, '2021-04-24 13:16:47', 22, 100000, 'Buat beli kinder joy', 'Receive', 'Success', '2021-04-24 06:16:47', '2021-04-24 06:16:47'),
(100, 1, '2021-04-24 13:53:47', 22, 50000, 'buat beli celana', 'Transfer', 'Success', '2021-04-24 06:53:47', '2021-04-24 06:53:47'),
(101, 22, '2021-04-24 13:53:47', 1, 50000, 'buat beli celana', 'Receive', 'Success', '2021-04-24 06:53:47', '2021-04-24 06:53:47'),
(102, 22, '2021-04-24 16:26:00', 15, 50000, 'Top up from Paypal', 'Top Up', 'Success', '2021-04-24 09:26:00', '2021-04-24 09:26:00'),
(103, 22, '2021-04-24 16:44:53', 5, 100000, 'buat beli boba', 'Transfer', 'Success', '2021-04-24 09:44:53', '2021-04-24 09:44:53'),
(104, 5, '2021-04-24 16:44:53', 22, 100000, 'buat beli boba', 'Receive', 'Success', '2021-04-24 09:44:53', '2021-04-24 09:44:53'),
(105, 22, '2021-04-24 20:00:21', 14, 100000, 'Top up from Gopay', 'Top Up', 'Success', '2021-04-24 13:00:21', '2021-04-24 13:00:21'),
(106, 22, '2021-04-24 21:42:02', 1, 100000, 'buat cek responsive', 'Transfer', 'Success', '2021-04-24 14:42:02', '2021-04-24 14:42:02'),
(107, 1, '2021-04-24 21:42:02', 22, 100000, 'buat cek responsive', 'Receive', 'Success', '2021-04-24 14:42:02', '2021-04-24 14:42:02'),
(108, 1, '2021-04-24 23:11:10', 9, 50000, 'buat beli lipstick', 'Transfer', 'Success', '2021-04-24 16:11:10', '2021-04-24 16:11:10'),
(109, 9, '2021-04-24 23:11:10', 1, 50000, 'buat beli lipstick', 'Receive', 'Success', '2021-04-24 16:11:10', '2021-04-24 16:11:10'),
(112, 1, '2021-04-24 23:17:15', 24, 50000, 'Tes transfer', 'Receive', 'Success', '2021-04-24 16:17:15', '2021-04-24 16:17:15'),
(114, 6, '2021-04-24 23:17:42', 24, 50000, 'Coba', 'Receive', 'Success', '2021-04-24 16:17:42', '2021-04-24 16:17:42'),
(116, 1, '2021-04-24 23:29:09', 24, 50000, 'buat beli baju', 'Receive', 'Success', '2021-04-24 16:29:09', '2021-04-24 16:29:09'),
(118, 1, '2021-04-25 11:48:55', 6, 50000, 'untuk beli shampo', 'Transfer', 'Success', '2021-04-25 04:48:55', '2021-04-25 04:48:55'),
(119, 6, '2021-04-25 11:48:55', 1, 50000, 'untuk beli shampo', 'Receive', 'Success', '2021-04-25 04:48:55', '2021-04-25 04:48:55'),
(120, 1, '2021-04-25 13:15:28', 14, 50000, 'Top up from Gopay', 'Top Up', 'Success', '2021-04-25 06:15:28', '2021-04-25 06:15:28'),
(121, 1, '2021-04-25 13:20:08', 15, 100000, 'Top up from Paypal', 'Top Up', 'Success', '2021-04-25 06:20:08', '2021-04-25 06:20:08'),
(124, 6, '2021-04-26 13:57:27', 26, 50000, 'buat beli kinder joy', 'Receive', 'Success', '2021-04-26 06:57:27', '2021-04-26 06:57:27'),
(125, 1, '2021-05-11 20:12:46', 14, 50000, 'Top up from Gopay', 'Top Up', 'Success', '2021-05-11 13:12:46', '2021-05-11 13:12:46'),
(126, 1, '2021-05-11 20:39:36', 5, 50000, 'To buy clothes', 'Transfer', 'Success', '2021-05-11 13:39:36', '2021-05-11 13:39:36'),
(127, 5, '2021-05-11 20:39:36', 1, 50000, 'To buy clothes', 'Receive', 'Success', '2021-05-11 13:39:36', '2021-05-11 13:39:36'),
(128, 1, '2021-05-11 21:03:45', 15, 500000, 'Top up from Paypal', 'Top Up', 'Success', '2021-05-11 14:03:45', '2021-05-11 14:03:45'),
(129, 1, '2021-05-11 21:17:04', 10, 200000, 'To buy clothes', 'Transfer', 'Success', '2021-05-11 14:17:04', '2021-05-11 14:17:04'),
(130, 10, '2021-05-11 21:17:04', 1, 200000, 'To buy clothes', 'Receive', 'Success', '2021-05-11 14:17:04', '2021-05-11 14:17:04'),
(131, 1, '2021-05-13 19:07:14', 5, 500000, 'To buy clothes', 'Transfer', 'Success', '2021-05-13 12:07:14', '2021-05-13 12:07:14'),
(132, 5, '2021-05-13 19:07:14', 1, 500000, 'To buy clothes', 'Receive', 'Success', '2021-05-13 12:07:14', '2021-05-13 12:07:14');

-- --------------------------------------------------------

--
-- Struktur dari tabel `users`
--

CREATE TABLE `users` (
  `id` int(11) NOT NULL,
  `username` varchar(255) NOT NULL,
  `email` varchar(255) NOT NULL,
  `password` varchar(255) NOT NULL,
  `firstName` varchar(255) NOT NULL,
  `lastName` varchar(255) NOT NULL,
  `fullName` varchar(255) NOT NULL,
  `pin` char(6) NOT NULL,
  `phoneNumber` varchar(15) NOT NULL,
  `image` varchar(255) NOT NULL,
  `credit` int(11) NOT NULL,
  `role` int(11) NOT NULL,
  `active` tinyint(1) NOT NULL,
  `createdAt` timestamp NOT NULL DEFAULT current_timestamp(),
  `updatedAt` timestamp NOT NULL DEFAULT current_timestamp() ON UPDATE current_timestamp()
) ENGINE=InnoDB DEFAULT CHARSET=utf8mb4;

--
-- Dumping data untuk tabel `users`
--

INSERT INTO `users` (`id`, `username`, `email`, `password`, `firstName`, `lastName`, `fullName`, `pin`, `phoneNumber`, `image`, `credit`, `role`, `active`, `createdAt`, `updatedAt`) VALUES
(1, 'chaerulmarwan20', 'chaerulmarwan20@gmail.com', '$2b$10$qVV093LFkwhwmR68INhttO6JcyB8dmGCR1h5jxOG1i2JBGI4HW1Ku', 'Chaerul', 'Marwan', 'Chaerul Marwan', '123456', '081224685502', 'images\\1619429358590-avatar.png', 2000000, 2, 1, '2021-04-13 13:38:35', '2021-05-13 12:25:00'),
(5, 'nielrul', 'nielrul@gmail.com', '$2b$10$8F/xgxRlT8TdZpoy7qmwLeZu7HbYCR58D.Zvzf75qLxEgVd2MST6K', 'Taylor', 'Aytekin', 'Taylor Aytekin', '123456', '081850349460', 'images\\default.png', 700000, 2, 1, '2021-04-17 07:58:08', '2021-05-13 12:07:14'),
(6, 'robertchandler', 'robertchandler@gmail.com', '$2b$10$9QD5UUWcEbqN0E5aLU2I3erxZZtyrOCQtTj23cpCjJ0Gfgy/u6cYG', 'Robert', 'Chandler', 'Robert Chandler', '123456', '081543890654', 'images\\robert.png', 1050000, 2, 1, '2021-04-18 21:40:22', '2021-04-26 06:57:27'),
(7, 'samuelsuhi', 'samuelsuhi@gmail.com', '$2b$10$9QD5UUWcEbqN0E5aLU2I3erxZZtyrOCQtTj23cpCjJ0Gfgy/u6cYG', 'Samuel', 'Suhi', 'Samuel Suhi', '123456', '081345765098', 'images\\suhi.png', 1600000, 2, 1, '2021-04-18 21:41:49', '2021-04-23 15:20:08'),
(8, 'bobimomo', 'bobimomo@gmail.com', '$2b$10$9QD5UUWcEbqN0E5aLU2I3erxZZtyrOCQtTj23cpCjJ0Gfgy/u6cYG', 'Bobi', 'Momo', 'Bobi Momo', '123456', '085287098123', 'images\\momo.png', 200000, 2, 1, '2021-04-18 21:44:09', '2021-04-24 06:16:47'),
(9, 'jessicamera', 'jessicamera@gmail.com', '$2b$10$9QD5UUWcEbqN0E5aLU2I3erxZZtyrOCQtTj23cpCjJ0Gfgy/u6cYG', 'Jessica', 'Mera', 'Jessica Mera', '123456', '087543098123', 'images\\jessica.png', 150000, 2, 1, '2021-04-18 21:45:11', '2021-04-24 16:11:10'),
(10, 'sherinacrew', 'sherinacrew@gmail.com', '$2b$10$9QD5UUWcEbqN0E5aLU2I3erxZZtyrOCQtTj23cpCjJ0Gfgy/u6cYG', 'Sherina', 'Crew', 'Sherina Crew', '123456', '085430765843', 'images\\sherina.png', 300000, 2, 1, '2021-04-18 21:53:24', '2021-05-11 14:17:04'),
(14, 'gopay', 'gopay@gmail.com', '$2b$10$9QD5UUWcEbqN0E5aLU2I3erxZZtyrOCQtTj23cpCjJ0Gfgy/u6cYG', 'Gopay', '', 'Gopay', '000000', '000000000000', 'images\\gopay.jpg', 0, 3, 1, '2021-04-22 02:45:13', '2021-04-22 14:23:26'),
(15, 'paypal', 'paypal@gmail.com', '$2b$10$9QD5UUWcEbqN0E5aLU2I3erxZZtyrOCQtTj23cpCjJ0Gfgy/u6cYG', 'Paypal', '', 'Paypal', '000000', '000000000000', 'images\\paypal.png', 0, 3, 1, '2021-04-22 02:45:13', '2021-04-22 13:16:44'),
(16, 'dana', 'dana@gmail.com', '$2b$10$9QD5UUWcEbqN0E5aLU2I3erxZZtyrOCQtTj23cpCjJ0Gfgy/u6cYG', 'Dana', '', 'Dana', '000000', '000000000000', 'images\\dana.png', 0, 3, 1, '2021-04-22 02:46:30', '2021-04-22 14:36:08'),
(19, 'ovo', 'ovo@gmail.com', '$2b$10$9QD5UUWcEbqN0E5aLU2I3erxZZtyrOCQtTj23cpCjJ0Gfgy/u6cYG', 'Ovo', '', 'Ovo', '000000', '000000000000', 'images\\ovo.jpg', 0, 3, 1, '2021-04-22 02:47:41', '2021-04-22 14:33:42'),
(22, 'marwanrul', 'marwanrul@gmail.com', '$2b$10$n7dlI8WycIQjzeohqF7iUOCm7dlN22AwUCYyiFRUeaWsOvRYgNEb6', 'Martin', 'Webb', 'Martin Webb', '123456', '085009123697', 'images\\default.png', 400000, 2, 1, '2021-04-24 04:00:21', '2021-04-26 02:30:25'),
(29, 'Bohdan', 'developerbohdan0@gmail.com', '$2b$10$F5tDIvy6BJQoD/1rII/kuOwBrBL3Mt3ApECsLiaENpRofF3kYFjdu', 'firstName', 'lastName', 'firstName lastName', '111111', '000000000000', 'images\\default.png', 0, 2, 1, '2021-05-13 13:11:12', '2021-05-13 13:22:31');

-- --------------------------------------------------------

--
-- Struktur dari tabel `user_token`
--

CREATE TABLE `user_token` (
  `id` int(11) NOT NULL,
  `email` varchar(255) NOT NULL,
  `token` text NOT NULL,
  `createdAt` timestamp NOT NULL DEFAULT current_timestamp()
) ENGINE=InnoDB DEFAULT CHARSET=utf8mb4;

--
-- Indexes for dumped tables
--

--
-- Indeks untuk tabel `access_token`
--
ALTER TABLE `access_token`
  ADD PRIMARY KEY (`id`),
  ADD KEY `idUser` (`idUser`);

--
-- Indeks untuk tabel `details`
--
ALTER TABLE `details`
  ADD PRIMARY KEY (`id`);

--
-- Indeks untuk tabel `payments`
--
ALTER TABLE `payments`
  ADD PRIMARY KEY (`id`);

--
-- Indeks untuk tabel `transactions`
--
ALTER TABLE `transactions`
  ADD PRIMARY KEY (`id`),
  ADD KEY `idUser` (`idUser`),
  ADD KEY `idReceiver` (`idReceiver`);

--
-- Indeks untuk tabel `users`
--
ALTER TABLE `users`
  ADD PRIMARY KEY (`id`),
  ADD UNIQUE KEY `email` (`email`);

--
-- Indeks untuk tabel `user_token`
--
ALTER TABLE `user_token`
  ADD PRIMARY KEY (`id`),
  ADD KEY `email` (`email`);

--
-- AUTO_INCREMENT untuk tabel yang dibuang
--

--
-- AUTO_INCREMENT untuk tabel `access_token`
--
ALTER TABLE `access_token`
  MODIFY `id` int(11) NOT NULL AUTO_INCREMENT, AUTO_INCREMENT=118;

--
-- AUTO_INCREMENT untuk tabel `details`
--
ALTER TABLE `details`
  MODIFY `id` int(11) NOT NULL AUTO_INCREMENT, AUTO_INCREMENT=31;

--
-- AUTO_INCREMENT untuk tabel `payments`
--
ALTER TABLE `payments`
  MODIFY `id` int(11) NOT NULL AUTO_INCREMENT, AUTO_INCREMENT=21;

--
-- AUTO_INCREMENT untuk tabel `transactions`
--
ALTER TABLE `transactions`
  MODIFY `id` int(11) NOT NULL AUTO_INCREMENT, AUTO_INCREMENT=133;

--
-- AUTO_INCREMENT untuk tabel `users`
--
ALTER TABLE `users`
  MODIFY `id` int(11) NOT NULL AUTO_INCREMENT, AUTO_INCREMENT=30;

--
-- AUTO_INCREMENT untuk tabel `user_token`
--
ALTER TABLE `user_token`
  MODIFY `id` int(11) NOT NULL AUTO_INCREMENT, AUTO_INCREMENT=22;

--
-- Ketidakleluasaan untuk tabel pelimpahan (Dumped Tables)
--

--
-- Ketidakleluasaan untuk tabel `access_token`
--
ALTER TABLE `access_token`
  ADD CONSTRAINT `access_token_ibfk_1` FOREIGN KEY (`idUser`) REFERENCES `users` (`id`) ON DELETE CASCADE ON UPDATE CASCADE;

--
-- Ketidakleluasaan untuk tabel `transactions`
--
ALTER TABLE `transactions`
  ADD CONSTRAINT `transactions_ibfk_1` FOREIGN KEY (`idUser`) REFERENCES `users` (`id`) ON DELETE CASCADE ON UPDATE CASCADE;

--
-- Ketidakleluasaan untuk tabel `user_token`
--
ALTER TABLE `user_token`
  ADD CONSTRAINT `user_token_ibfk_1` FOREIGN KEY (`email`) REFERENCES `users` (`email`) ON DELETE CASCADE ON UPDATE CASCADE;
COMMIT;

/*!40101 SET CHARACTER_SET_CLIENT=@OLD_CHARACTER_SET_CLIENT */;
/*!40101 SET CHARACTER_SET_RESULTS=@OLD_CHARACTER_SET_RESULTS */;
/*!40101 SET COLLATION_CONNECTION=@OLD_COLLATION_CONNECTION */;
